path,bytes,lines,current_responsibility,file_kind,owning_manifest,package
examples/esp32s31-access-point/.cargo/config.toml,283,17,application example composition,configuration-or-data,examples/esp32s31-access-point/Cargo.toml,open-esp-radio-esp32s31-access-point
examples/esp32s31-access-point/Cargo.lock,59306,2356,application example composition,cargo,examples/esp32s31-access-point/Cargo.toml,open-esp-radio-esp32s31-access-point
examples/esp32s31-access-point/Cargo.toml,2372,45,application example composition,cargo,examples/esp32s31-access-point/Cargo.toml,open-esp-radio-esp32s31-access-point
examples/esp32s31-access-point/README.md,808,19,application example composition,documentation,examples/esp32s31-access-point/Cargo.toml,open-esp-radio-esp32s31-access-point
examples/esp32s31-access-point/src/dhcp.rs,2458,67,application example composition,rust,examples/esp32s31-access-point/Cargo.toml,open-esp-radio-esp32s31-access-point
examples/esp32s31-access-point/src/lib.rs,112,5,application example composition,rust,examples/esp32s31-access-point/Cargo.toml,open-esp-radio-esp32s31-access-point
examples/esp32s31-access-point/src/main.rs,7460,188,application example composition,rust,examples/esp32s31-access-point/Cargo.toml,open-esp-radio-esp32s31-access-point
examples/esp32s31-access-point/src/services.rs,2038,61,application example composition,rust,examples/esp32s31-access-point/Cargo.toml,open-esp-radio-esp32s31-access-point
examples/esp32s31-bluetooth-controller/.cargo/config.toml,283,17,application example composition,configuration-or-data,examples/esp32s31-bluetooth-controller/Cargo.toml,open-esp-radio-esp32s31-bluetooth-controller-example
examples/esp32s31-bluetooth-controller/Cargo.lock,52207,2054,application example composition,cargo,examples/esp32s31-bluetooth-controller/Cargo.toml,open-esp-radio-esp32s31-bluetooth-controller-example
examples/esp32s31-bluetooth-controller/Cargo.toml,2345,48,application example composition,cargo,examples/esp32s31-bluetooth-controller/Cargo.toml,open-esp-radio-esp32s31-bluetooth-controller-example
examples/esp32s31-bluetooth-controller/README.md,3411,72,application example composition,documentation,examples/esp32s31-bluetooth-controller/Cargo.toml,open-esp-radio-esp32s31-bluetooth-controller-example
examples/esp32s31-bluetooth-controller/src/main.rs,12313,301,application example composition,rust,examples/esp32s31-bluetooth-controller/Cargo.toml,open-esp-radio-esp32s31-bluetooth-controller-example
examples/esp32s31-monitor/.cargo/config.toml,283,17,application example composition,configuration-or-data,examples/esp32s31-monitor/Cargo.toml,open-esp-radio-esp32s31-monitor
examples/esp32s31-monitor/Cargo.lock,58277,2314,application example composition,cargo,examples/esp32s31-monitor/Cargo.toml,open-esp-radio-esp32s31-monitor
examples/esp32s31-monitor/Cargo.toml,2056,40,application example composition,cargo,examples/esp32s31-monitor/Cargo.toml,open-esp-radio-esp32s31-monitor
examples/esp32s31-monitor/README.md,881,21,application example composition,documentation,examples/esp32s31-monitor/Cargo.toml,open-esp-radio-esp32s31-monitor
examples/esp32s31-monitor/src/main.rs,5125,131,application example composition,rust,examples/esp32s31-monitor/Cargo.toml,open-esp-radio-esp32s31-monitor
examples/esp32s31-station/.cargo/config.toml,283,17,application example composition,configuration-or-data,examples/esp32s31-station/Cargo.toml,open-esp-radio-esp32s31-station
examples/esp32s31-station/Cargo.lock,60168,2376,application example composition,cargo,examples/esp32s31-station/Cargo.toml,open-esp-radio-esp32s31-station
examples/esp32s31-station/Cargo.toml,2670,53,application example composition,cargo,examples/esp32s31-station/Cargo.toml,open-esp-radio-esp32s31-station
examples/esp32s31-station/README.md,2834,61,application example composition,documentation,examples/esp32s31-station/Cargo.toml,open-esp-radio-esp32s31-station
examples/esp32s31-station/src/main.rs,7874,197,application example composition,rust,examples/esp32s31-station/Cargo.toml,open-esp-radio-esp32s31-station
hil/README.md,4427,91,HIL entry documentation and public lab template,documentation,,
hil/host/README.md,8660,156,HIL entry documentation and public lab template,documentation,,
hil/host/linux-net/hostapd-he20.conf,313,17,privileged fixture,configuration-or-data,,
hil/host/linux-net/hostapd-ht40.conf,318,16,privileged fixture,configuration-or-data,,
hil/host/linux-net/install.sh,3172,64,privileged fixture,script,,
hil/host/linux-net/open-radio-net,13017,343,privileged fixture,script,,
hil/host/runner/Cargo.toml,805,29,HIL execution and evidence producer,cargo,hil/host/runner/Cargo.toml,open-esp-radio-hil-runner
hil/host/runner/src/device/mod.rs,4962,163,HIL execution and evidence producer,rust,hil/host/runner/Cargo.toml,open-esp-radio-hil-runner
hil/host/runner/src/evidence/mod.rs,88,3,HIL execution and evidence producer,rust,hil/host/runner/Cargo.toml,open-esp-radio-hil-runner
hil/host/runner/src/evidence/rx_delivery.rs,9390,233,HIL execution and evidence producer,rust,hil/host/runner/Cargo.toml,open-esp-radio-hil-runner
hil/host/runner/src/evidence/stack_audit.rs,1332,37,HIL execution and evidence producer,rust,hil/host/runner/Cargo.toml,open-esp-radio-hil-runner
hil/host/runner/src/evidence/traffic_capture.rs,9655,280,HIL execution and evidence producer,rust,hil/host/runner/Cargo.toml,open-esp-radio-hil-runner
hil/host/runner/src/evidence/traffic_capture/protocol.rs,56701,1419,HIL execution and evidence producer,rust,hil/host/runner/Cargo.toml,open-esp-radio-hil-runner
hil/host/runner/src/evidence/traffic_capture/readiness.rs,9069,240,HIL execution and evidence producer,rust,hil/host/runner/Cargo.toml,open-esp-radio-hil-runner
hil/host/runner/src/evidence/traffic_capture/tests.rs,10508,353,HIL execution and evidence producer,rust,hil/host/runner/Cargo.toml,open-esp-radio-hil-runner
hil/host/runner/src/evidence/traffic_capture/validation.rs,11574,293,HIL execution and evidence producer,rust,hil/host/runner/Cargo.toml,open-esp-radio-hil-runner
hil/host/runner/src/execution.rs,19199,483,HIL execution and evidence producer,rust,hil/host/runner/Cargo.toml,open-esp-radio-hil-runner
hil/host/runner/src/image/mod.rs,40743,1112,HIL execution and evidence producer,rust,hil/host/runner/Cargo.toml,open-esp-radio-hil-runner
hil/host/runner/src/image/reproducibility.rs,16769,538,HIL execution and evidence producer,rust,hil/host/runner/Cargo.toml,open-esp-radio-hil-runner
hil/host/runner/src/main.rs,31682,935,HIL execution and evidence producer,rust,hil/host/runner/Cargo.toml,open-esp-radio-hil-runner
hil/host/runner/src/qualification/access_point.rs,52908,1411,HIL execution and evidence producer,rust,hil/host/runner/Cargo.toml,open-esp-radio-hil-runner
hil/host/runner/src/qualification/access_point/clients.rs,5135,143,HIL execution and evidence producer,rust,hil/host/runner/Cargo.toml,open-esp-radio-hil-runner
hil/host/runner/src/qualification/access_point/icmp.rs,3085,95,HIL execution and evidence producer,rust,hil/host/runner/Cargo.toml,open-esp-radio-hil-runner
hil/host/runner/src/qualification/access_point/multi_client.rs,17352,476,HIL execution and evidence producer,rust,hil/host/runner/Cargo.toml,open-esp-radio-hil-runner
hil/host/runner/src/qualification/access_point/report.rs,3107,99,HIL execution and evidence producer,rust,hil/host/runner/Cargo.toml,open-esp-radio-hil-runner
hil/host/runner/src/qualification/access_point/tcp.rs,5461,152,HIL execution and evidence producer,rust,hil/host/runner/Cargo.toml,open-esp-radio-hil-runner
hil/host/runner/src/qualification/access_point/udp.rs,13009,329,HIL execution and evidence producer,rust,hil/host/runner/Cargo.toml,open-esp-radio-hil-runner
hil/host/runner/src/qualification/mod.rs,239,7,HIL execution and evidence producer,rust,hil/host/runner/Cargo.toml,open-esp-radio-hil-runner
hil/host/runner/src/qualification/scenario.rs,16390,518,HIL execution and evidence producer,rust,hil/host/runner/Cargo.toml,open-esp-radio-hil-runner
hil/host/runner/src/qualification/scenario/catalog.rs,1614,47,HIL execution and evidence producer,rust,hil/host/runner/Cargo.toml,open-esp-radio-hil-runner
hil/host/runner/src/qualification/scenario/tests.rs,28151,803,HIL execution and evidence producer,rust,hil/host/runner/Cargo.toml,open-esp-radio-hil-runner
hil/host/runner/src/qualification/scenario/validation.rs,44242,1106,HIL execution and evidence producer,rust,hil/host/runner/Cargo.toml,open-esp-radio-hil-runner
hil/host/runner/src/qualification/station_access_point.rs,20975,582,HIL execution and evidence producer,rust,hil/host/runner/Cargo.toml,open-esp-radio-hil-runner
hil/host/runner/src/qualification/station_access_point_reconnect.rs,7365,202,HIL execution and evidence producer,rust,hil/host/runner/Cargo.toml,open-esp-radio-hil-runner
hil/host/runner/src/qualification/station_ap_absence.rs,5901,203,HIL execution and evidence producer,rust,hil/host/runner/Cargo.toml,open-esp-radio-hil-runner
hil/host/runner/src/qualification/station_ap_loss.rs,5249,186,HIL execution and evidence producer,rust,hil/host/runner/Cargo.toml,open-esp-radio-hil-runner
hil/host/runner/src/qualification/station_lifecycle.rs,16443,474,HIL execution and evidence producer,rust,hil/host/runner/Cargo.toml,open-esp-radio-hil-runner
hil/host/runner/src/reporting/build.rs,22521,700,HIL execution and evidence producer,rust,hil/host/runner/Cargo.toml,open-esp-radio-hil-runner
hil/host/runner/src/reporting/history.rs,33488,890,HIL execution and evidence producer,rust,hil/host/runner/Cargo.toml,open-esp-radio-hil-runner
hil/host/runner/src/reporting/mod.rs,128,5,HIL execution and evidence producer,rust,hil/host/runner/Cargo.toml,open-esp-radio-hil-runner
hil/host/runner/src/reporting/run.rs,32843,883,HIL execution and evidence producer,rust,hil/host/runner/Cargo.toml,open-esp-radio-hil-runner
hil/host/runner/src/reporting/run/archive.rs,11469,283,HIL execution and evidence producer,rust,hil/host/runner/Cargo.toml,open-esp-radio-hil-runner
hil/host/runner/src/reporting/run/integrity.rs,5716,176,HIL execution and evidence producer,rust,hil/host/runner/Cargo.toml,open-esp-radio-hil-runner
hil/host/runner/src/reporting/run/model.rs,15291,481,HIL execution and evidence producer,rust,hil/host/runner/Cargo.toml,open-esp-radio-hil-runner
hil/host/runner/src/reporting/run/render.rs,11815,332,HIL execution and evidence producer,rust,hil/host/runner/Cargo.toml,open-esp-radio-hil-runner
hil/host/runner/src/reporting/startup_artifact.rs,6024,179,HIL execution and evidence producer,rust,hil/host/runner/Cargo.toml,open-esp-radio-hil-runner
hil/host/runner/src/reporting/verification.rs,44363,1177,HIL execution and evidence producer,rust,hil/host/runner/Cargo.toml,open-esp-radio-hil-runner
hil/host/runner/src/traffic/bidirectional.rs,32128,837,HIL execution and evidence producer,rust,hil/host/runner/Cargo.toml,open-esp-radio-hil-runner
hil/host/runner/src/traffic/bidirectional/model.rs,51917,1179,HIL execution and evidence producer,rust,hil/host/runner/Cargo.toml,open-esp-radio-hil-runner
hil/host/runner/src/traffic/bidirectional/parse.rs,30191,646,HIL execution and evidence producer,rust,hil/host/runner/Cargo.toml,open-esp-radio-hil-runner
hil/host/runner/src/traffic/bidirectional/qualify.rs,20608,583,HIL execution and evidence producer,rust,hil/host/runner/Cargo.toml,open-esp-radio-hil-runner
hil/host/runner/src/traffic/bidirectional/report.rs,34169,717,HIL execution and evidence producer,rust,hil/host/runner/Cargo.toml,open-esp-radio-hil-runner
hil/host/runner/src/traffic/bidirectional/tests.rs,27527,531,HIL execution and evidence producer,rust,hil/host/runner/Cargo.toml,open-esp-radio-hil-runner
hil/host/runner/src/traffic/host_network.rs,10829,319,HIL execution and evidence producer,rust,hil/host/runner/Cargo.toml,open-esp-radio-hil-runner
hil/host/runner/src/traffic/icmp_latency.rs,19464,568,HIL execution and evidence producer,rust,hil/host/runner/Cargo.toml,open-esp-radio-hil-runner
hil/host/runner/src/traffic/mod.rs,222,8,HIL execution and evidence producer,rust,hil/host/runner/Cargo.toml,open-esp-radio-hil-runner
hil/host/runner/src/traffic/paced_tcp.rs,7445,236,HIL execution and evidence producer,rust,hil/host/runner/Cargo.toml,open-esp-radio-hil-runner
hil/host/runner/src/traffic/paced_udp.rs,7093,215,HIL execution and evidence producer,rust,hil/host/runner/Cargo.toml,open-esp-radio-hil-runner
hil/host/runner/src/traffic/rx_traffic.rs,37545,901,HIL execution and evidence producer,rust,hil/host/runner/Cargo.toml,open-esp-radio-hil-runner
hil/host/runner/src/traffic/tcp_traffic.rs,17275,477,HIL execution and evidence producer,rust,hil/host/runner/Cargo.toml,open-esp-radio-hil-runner
hil/host/runner/src/traffic/tx_traffic.rs,59310,1401,HIL execution and evidence producer,rust,hil/host/runner/Cargo.toml,open-esp-radio-hil-runner
hil/host/runner/src/transport/controlled_ap.rs,13283,359,HIL execution and evidence producer,rust,hil/host/runner/Cargo.toml,open-esp-radio-hil-runner
hil/host/runner/src/transport/controlled_client.rs,3845,127,HIL execution and evidence producer,rust,hil/host/runner/Cargo.toml,open-esp-radio-hil-runner
hil/host/runner/src/transport/controlled_openwrt_client.rs,31303,763,HIL execution and evidence producer,rust,hil/host/runner/Cargo.toml,open-esp-radio-hil-runner
hil/host/runner/src/transport/fixture_lock.rs,2326,79,HIL execution and evidence producer,rust,hil/host/runner/Cargo.toml,open-esp-radio-hil-runner
hil/host/runner/src/transport/fixture_lock/tests.rs,3131,90,HIL execution and evidence producer,rust,hil/host/runner/Cargo.toml,open-esp-radio-hil-runner
hil/host/runner/src/transport/ieee802154_ed_event.rs,16721,442,HIL execution and evidence producer,rust,hil/host/runner/Cargo.toml,open-esp-radio-hil-runner
hil/host/runner/src/transport/ieee802154_event_status.rs,16790,459,HIL execution and evidence producer,rust,hil/host/runner/Cargo.toml,open-esp-radio-hil-runner
hil/host/runner/src/transport/lab_config.rs,25202,750,HIL execution and evidence producer,rust,hil/host/runner/Cargo.toml,open-esp-radio-hil-runner
hil/host/runner/src/transport/lab_provenance.rs,25831,667,HIL execution and evidence producer,rust,hil/host/runner/Cargo.toml,open-esp-radio-hil-runner
hil/host/runner/src/transport/local_air_monitor.rs,30077,869,HIL execution and evidence producer,rust,hil/host/runner/Cargo.toml,open-esp-radio-hil-runner
hil/host/runner/src/transport/local_linux_fixture.rs,12921,384,HIL execution and evidence producer,rust,hil/host/runner/Cargo.toml,open-esp-radio-hil-runner
hil/host/runner/src/transport/mod.rs,579,18,HIL execution and evidence producer,rust,hil/host/runner/Cargo.toml,open-esp-radio-hil-runner
hil/host/runner/src/transport/network_helper.rs,1349,45,HIL execution and evidence producer,rust,hil/host/runner/Cargo.toml,open-esp-radio-hil-runner
hil/host/runner/src/transport/openwrt_fixture.rs,25868,703,HIL execution and evidence producer,rust,hil/host/runner/Cargo.toml,open-esp-radio-hil-runner
hil/host/runner/src/transport/openwrt_tx_monitor.rs,14489,423,HIL execution and evidence producer,rust,hil/host/runner/Cargo.toml,open-esp-radio-hil-runner
hil/host/runner/src/transport/station_fixture.rs,8782,213,HIL execution and evidence producer,rust,hil/host/runner/Cargo.toml,open-esp-radio-hil-runner
hil/host/runner/src/transport/timebase.rs,4607,146,HIL execution and evidence producer,rust,hil/host/runner/Cargo.toml,open-esp-radio-hil-runner
hil/host/runner/src/transport/udp_socket.rs,3262,78,HIL execution and evidence producer,rust,hil/host/runner/Cargo.toml,open-esp-radio-hil-runner
hil/host/runner/src/transport/wifi_capture.rs,10913,320,HIL execution and evidence producer,rust,hil/host/runner/Cargo.toml,open-esp-radio-hil-runner
hil/host/runner/src/transport/wifi_capture/assembly.rs,4793,134,HIL execution and evidence producer,rust,hil/host/runner/Cargo.toml,open-esp-radio-hil-runner
hil/host/runner/src/transport/wifi_capture/pcapng.rs,5824,182,HIL execution and evidence producer,rust,hil/host/runner/Cargo.toml,open-esp-radio-hil-runner
hil/host/runner/src/transport/wifi_control.rs,20044,522,HIL execution and evidence producer,rust,hil/host/runner/Cargo.toml,open-esp-radio-hil-runner
hil/local.example.toml,1968,57,HIL entry documentation and public lab template,configuration-or-data,,
hil/protocol/Cargo.toml,621,19,host/target wire contract,cargo,hil/protocol/Cargo.toml,open-esp-radio-hil-protocol
hil/protocol/README.md,2279,57,host/target wire contract,documentation,hil/protocol/Cargo.toml,open-esp-radio-hil-protocol
hil/protocol/src/framing.rs,57100,1468,host/target wire contract,rust,hil/protocol/Cargo.toml,open-esp-radio-hil-protocol
hil/protocol/src/lib.rs,3214,48,host/target wire contract,rust,hil/protocol/Cargo.toml,open-esp-radio-hil-protocol
hil/protocol/src/message.rs,85157,2338,host/target wire contract,rust,hil/protocol/Cargo.toml,open-esp-radio-hil-protocol
hil/protocol/src/stream_pattern.rs,2580,74,host/target wire contract,rust,hil/protocol/Cargo.toml,open-esp-radio-hil-protocol
hil/scenarios/access-point-bidirectional.toml,584,26,versioned scenario catalog,configuration-or-data,,
hil/scenarios/access-point-icmp.toml,636,31,versioned scenario catalog,configuration-or-data,,
hil/scenarios/access-point-lifecycle.toml,391,18,versioned scenario catalog,configuration-or-data,,
hil/scenarios/access-point-load-bidirectional.toml,784,31,versioned scenario catalog,configuration-or-data,,
hil/scenarios/access-point-load-rx.toml,662,28,versioned scenario catalog,configuration-or-data,,
hil/scenarios/access-point-load-tx.toml,663,28,versioned scenario catalog,configuration-or-data,,
hil/scenarios/access-point-rx.toml,499,24,versioned scenario catalog,configuration-or-data,,
hil/scenarios/access-point-saturated-plus-sparse-tx.toml,911,35,versioned scenario catalog,configuration-or-data,,
hil/scenarios/access-point-single-client-bidirectional-4m.toml,662,28,versioned scenario catalog,configuration-or-data,,
hil/scenarios/access-point-single-client-bidirectional-6m.toml,662,28,versioned scenario catalog,configuration-or-data,,
hil/scenarios/access-point-single-client-bidirectional-8m.toml,662,28,versioned scenario catalog,configuration-or-data,,
hil/scenarios/access-point-single-client-bidirectional-rx-delivery.toml,790,32,versioned scenario catalog,configuration-or-data,,
hil/scenarios/access-point-single-client-bidirectional-task-poll.toml,652,26,versioned scenario catalog,configuration-or-data,,
hil/scenarios/access-point-single-client-ceiling-bidirectional-task-poll.toml,740,30,versioned scenario catalog,configuration-or-data,,
hil/scenarios/access-point-single-client-ceiling-bidirectional.toml,813,33,versioned scenario catalog,configuration-or-data,,
hil/scenarios/access-point-single-client-ceiling-rx-core0-coarse.toml,812,32,versioned scenario catalog,configuration-or-data,,
hil/scenarios/access-point-single-client-ceiling-rx-core0-cycles.toml,838,32,versioned scenario catalog,configuration-or-data,,
hil/scenarios/access-point-single-client-ceiling-rx-task-residence.toml,739,30,versioned scenario catalog,configuration-or-data,,
hil/scenarios/access-point-single-client-ceiling-rx.toml,714,30,versioned scenario catalog,configuration-or-data,,
hil/scenarios/access-point-single-client-ceiling-tx-architecture-control.toml,723,30,versioned scenario catalog,configuration-or-data,,
hil/scenarios/access-point-single-client-ceiling-tx-core0-coarse.toml,724,30,versioned scenario catalog,configuration-or-data,,
hil/scenarios/access-point-single-client-ceiling-tx-diagnostic.toml,681,30,versioned scenario catalog,configuration-or-data,,
hil/scenarios/access-point-single-client-ceiling-tx-task-poll.toml,714,30,versioned scenario catalog,configuration-or-data,,
hil/scenarios/access-point-single-client-ceiling-tx-task-residence.toml,734,30,versioned scenario catalog,configuration-or-data,,
hil/scenarios/access-point-single-client-ceiling-tx.toml,705,30,versioned scenario catalog,configuration-or-data,,
hil/scenarios/access-point-single-client-load-bidirectional.toml,753,30,versioned scenario catalog,configuration-or-data,,
hil/scenarios/access-point-single-client-load-rx.toml,634,27,versioned scenario catalog,configuration-or-data,,
hil/scenarios/access-point-single-client-load-tx.toml,635,27,versioned scenario catalog,configuration-or-data,,
hil/scenarios/access-point-single-client-rx-task-residence-30.toml,730,30,versioned scenario catalog,configuration-or-data,,
hil/scenarios/access-point-tcp-bidirectional.toml,571,25,versioned scenario catalog,configuration-or-data,,
hil/scenarios/access-point-tcp-rx.toml,486,23,versioned scenario catalog,configuration-or-data,,
hil/scenarios/access-point-tcp-tx.toml,487,23,versioned scenario catalog,configuration-or-data,,
hil/scenarios/access-point-two-client-ceiling-tx.toml,784,32,versioned scenario catalog,configuration-or-data,,
hil/scenarios/access-point-two-client-smoke.toml,549,25,versioned scenario catalog,configuration-or-data,,
hil/scenarios/access-point-tx.toml,500,24,versioned scenario catalog,configuration-or-data,,
hil/scenarios/boot-smoke.toml,276,12,versioned scenario catalog,configuration-or-data,,
hil/scenarios/diagnostic-ap-45-45-cold-epoch.toml,723,35,versioned scenario catalog,configuration-or-data,,
hil/scenarios/diagnostic-ap-airtime-rx40-observed.toml,647,30,versioned scenario catalog,configuration-or-data,,
hil/scenarios/diagnostic-ap-airtime-rx40-tx40-observed.toml,722,32,versioned scenario catalog,configuration-or-data,,
hil/scenarios/diagnostic-ap-airtime-rx40-tx40-open-observed.toml,737,33,versioned scenario catalog,configuration-or-data,,
hil/scenarios/diagnostic-ap-airtime-rx40-tx45-observed.toml,748,35,versioned scenario catalog,configuration-or-data,,
hil/scenarios/diagnostic-ap-airtime-rx45-observed.toml,683,33,versioned scenario catalog,configuration-or-data,,
hil/scenarios/diagnostic-ap-airtime-rx45-tx40-observed.toml,748,35,versioned scenario catalog,configuration-or-data,,
hil/scenarios/diagnostic-ap-airtime-tx40-observed.toml,649,30,versioned scenario catalog,configuration-or-data,,
hil/scenarios/diagnostic-ap-ceiling-rx65-tx65-auto-gi-fixed-client-mcs7.toml,867,39,versioned scenario catalog,configuration-or-data,,
hil/scenarios/diagnostic-ap-ceiling-rx65-tx65-sgi-correctness.toml,961,41,versioned scenario catalog,configuration-or-data,,
hil/scenarios/diagnostic-ap-ceiling-rx65-tx65-sgi-fixed-client-mcs7.toml,933,41,versioned scenario catalog,configuration-or-data,,
hil/scenarios/diagnostic-ap-rx40-tx40-fixed-client-mcs7.toml,817,38,versioned scenario catalog,configuration-or-data,,
hil/scenarios/diagnostic-ap-rx40-tx40-threshold.toml,712,32,versioned scenario catalog,configuration-or-data,,
hil/scenarios/diagnostic-ap-rx40-tx45-core0-coarse.toml,707,32,versioned scenario catalog,configuration-or-data,,
hil/scenarios/diagnostic-ap-rx40-tx45-task-poll.toml,706,32,versioned scenario catalog,configuration-or-data,,
hil/scenarios/diagnostic-ap-rx41-tx40-threshold.toml,710,35,versioned scenario catalog,configuration-or-data,,
hil/scenarios/diagnostic-ap-rx42-task-poll-fixed-client-mcs7.toml,776,36,versioned scenario catalog,configuration-or-data,,
hil/scenarios/diagnostic-ap-rx42-tx40-fixed-client-mcs7.toml,823,38,versioned scenario catalog,configuration-or-data,,
hil/scenarios/diagnostic-ap-rx42-tx40-mac-irq-fixed-client-mcs7.toml,838,38,versioned scenario catalog,configuration-or-data,,
hil/scenarios/diagnostic-ap-rx42-tx40-sgi-fixed-client-mcs7.toml,934,41,versioned scenario catalog,configuration-or-data,,
hil/scenarios/diagnostic-ap-rx42-tx40-task-poll-fixed-client-mcs7.toml,855,38,versioned scenario catalog,configuration-or-data,,
hil/scenarios/diagnostic-ap-rx42-tx40-threshold.toml,710,35,versioned scenario catalog,configuration-or-data,,
hil/scenarios/diagnostic-ap-rx43-tx40-threshold.toml,710,35,versioned scenario catalog,configuration-or-data,,
hil/scenarios/diagnostic-ap-rx44-tx40-threshold.toml,710,35,versioned scenario catalog,configuration-or-data,,
hil/scenarios/diagnostic-ap-rx45-tx40-cold-boots.toml,745,35,versioned scenario catalog,configuration-or-data,,
hil/scenarios/diagnostic-ap-rx45-tx40-core0-coarse.toml,710,32,versioned scenario catalog,configuration-or-data,,
hil/scenarios/diagnostic-ap-rx45-tx40-queue.toml,678,35,versioned scenario catalog,configuration-or-data,,
hil/scenarios/diagnostic-ap-rx45-tx40-task-poll.toml,715,32,versioned scenario catalog,configuration-or-data,,
hil/scenarios/diagnostic-ap-saturated-plus-sparse-tx-core0.toml,923,35,versioned scenario catalog,configuration-or-data,,
hil/scenarios/diagnostic-ap-saturated-plus-sparse-tx-task-residence.toml,937,35,versioned scenario catalog,configuration-or-data,,
hil/scenarios/diagnostic-ap-single-client-udp-tx-correctness-control.toml,670,30,versioned scenario catalog,configuration-or-data,,
hil/scenarios/diagnostic-ap-single-client-udp-tx-psram-dma.toml,717,30,versioned scenario catalog,configuration-or-data,,
hil/scenarios/diagnostic-ap-single-client-udp-tx-sram-control.toml,669,29,versioned scenario catalog,configuration-or-data,,
hil/scenarios/diagnostic-ap-two-client-udp-bidirectional.toml,830,35,versioned scenario catalog,configuration-or-data,,
hil/scenarios/diagnostic-ap-two-client-udp-rx.toml,704,32,versioned scenario catalog,configuration-or-data,,
hil/scenarios/diagnostic-ap-two-client-udp-tx-architecture-control.toml,774,32,versioned scenario catalog,configuration-or-data,,
hil/scenarios/diagnostic-ap-two-client-udp-tx-egress-burst-core0.toml,826,33,versioned scenario catalog,configuration-or-data,,
hil/scenarios/diagnostic-ap-two-client-udp-tx-egress-burst-task-poll.toml,811,33,versioned scenario catalog,configuration-or-data,,
hil/scenarios/diagnostic-ap-two-client-udp-tx-egress-burst.toml,819,33,versioned scenario catalog,configuration-or-data,,
hil/scenarios/diagnostic-ap-two-client-udp-tx-no-checksum-core0.toml,800,33,versioned scenario catalog,configuration-or-data,,
hil/scenarios/diagnostic-ap-two-client-udp-tx-psram-dma.toml,842,33,versioned scenario catalog,configuration-or-data,,
hil/scenarios/diagnostic-ap-two-client-udp-tx-saturation.toml,737,32,versioned scenario catalog,configuration-or-data,,
hil/scenarios/diagnostic-ap-two-client-udp-tx-stack-egress-queue-core0.toml,799,32,versioned scenario catalog,configuration-or-data,,
hil/scenarios/diagnostic-ap-two-client-udp-tx-stack-egress-queue-task-poll.toml,794,32,versioned scenario catalog,configuration-or-data,,
hil/scenarios/diagnostic-ap-two-client-udp-tx-stack-egress-queue.toml,787,32,versioned scenario catalog,configuration-or-data,,
hil/scenarios/diagnostic-ap-two-client-udp-tx-task-poll.toml,746,32,versioned scenario catalog,configuration-or-data,,
hil/scenarios/diagnostic-ap-two-client-udp-tx-task-residence.toml,777,32,versioned scenario catalog,configuration-or-data,,
hil/scenarios/diagnostic-ap-two-client-udp-tx.toml,704,32,versioned scenario catalog,configuration-or-data,,
hil/scenarios/diagnostic-sta-rx42-tx40-core0-task-poll-control.toml,718,29,versioned scenario catalog,configuration-or-data,,
hil/scenarios/diagnostic-sta-rx42-tx40-current-ap-control.toml,680,29,versioned scenario catalog,configuration-or-data,,
hil/scenarios/diagnostic-station-ceiling-rx65-tx65-performance.toml,590,24,versioned scenario catalog,configuration-or-data,,
hil/scenarios/icmp-latency-ht40-split.toml,435,22,versioned scenario catalog,configuration-or-data,,
hil/scenarios/icmp-latency.toml,400,22,versioned scenario catalog,configuration-or-data,,
hil/scenarios/ieee802154-ed-event-selective-write.toml,528,13,versioned scenario catalog,configuration-or-data,,
hil/scenarios/ieee802154-event-status-selective-ack.toml,533,13,versioned scenario catalog,configuration-or-data,,
hil/scenarios/monitor-capture.toml,351,18,versioned scenario catalog,configuration-or-data,,
hil/scenarios/station-access-point-ceiling-task-residence.toml,753,22,versioned scenario catalog,configuration-or-data,,
hil/scenarios/station-access-point-lifecycle.toml,470,18,versioned scenario catalog,configuration-or-data,,
hil/scenarios/station-access-point-load.toml,638,24,versioned scenario catalog,configuration-or-data,,
hil/scenarios/station-access-point-reconnect.toml,431,16,versioned scenario catalog,configuration-or-data,,
hil/scenarios/station-access-point-rx-core0-coarse.toml,672,23,versioned scenario catalog,configuration-or-data,,
hil/scenarios/station-access-point-rx-core0-cycles.toml,713,26,versioned scenario catalog,configuration-or-data,,
hil/scenarios/station-access-point-rx-task-residence.toml,595,21,versioned scenario catalog,configuration-or-data,,
hil/scenarios/station-access-point-tx-task-residence.toml,578,20,versioned scenario catalog,configuration-or-data,,
hil/scenarios/station-ap-absence.toml,341,16,versioned scenario catalog,configuration-or-data,,
hil/scenarios/station-ap-loss.toml,330,16,versioned scenario catalog,configuration-or-data,,
hil/scenarios/station-reconnect-ht40.toml,390,19,versioned scenario catalog,configuration-or-data,,
hil/scenarios/station-reconnect.toml,371,19,versioned scenario catalog,configuration-or-data,,
hil/scenarios/tcp-bidirectional-ht40-split.toml,516,23,versioned scenario catalog,configuration-or-data,,
hil/scenarios/tcp-bidirectional.toml,481,23,versioned scenario catalog,configuration-or-data,,
hil/scenarios/tcp-rx-ht40-split.toml,430,21,versioned scenario catalog,configuration-or-data,,
hil/scenarios/tcp-rx.toml,395,21,versioned scenario catalog,configuration-or-data,,
hil/scenarios/tcp-tx-ht40-split.toml,436,21,versioned scenario catalog,configuration-or-data,,
hil/scenarios/tcp-tx.toml,400,21,versioned scenario catalog,configuration-or-data,,
hil/scenarios/timebase.toml,308,15,versioned scenario catalog,configuration-or-data,,
hil/scenarios/udp-bidirectional-ht40-15-75.toml,581,25,versioned scenario catalog,configuration-or-data,,
hil/scenarios/udp-bidirectional-ht40-25-65.toml,581,25,versioned scenario catalog,configuration-or-data,,
hil/scenarios/udp-bidirectional-ht40-35-55.toml,581,25,versioned scenario catalog,configuration-or-data,,
hil/scenarios/udp-bidirectional-ht40-45-45.toml,581,25,versioned scenario catalog,configuration-or-data,,
hil/scenarios/udp-bidirectional-ht40-55-35.toml,581,25,versioned scenario catalog,configuration-or-data,,
hil/scenarios/udp-bidirectional-ht40-65-25.toml,581,25,versioned scenario catalog,configuration-or-data,,
hil/scenarios/udp-bidirectional-ht40-75-15.toml,581,25,versioned scenario catalog,configuration-or-data,,
hil/scenarios/udp-bidirectional-ht40-rx-delivery-split.toml,707,30,versioned scenario catalog,configuration-or-data,,
hil/scenarios/udp-bidirectional-ht40-split-baseline.toml,596,25,versioned scenario catalog,configuration-or-data,,
hil/scenarios/udp-bidirectional-ht40-split-soak.toml,596,25,versioned scenario catalog,configuration-or-data,,
hil/scenarios/udp-bidirectional-ht40-task-poll-diagnostic.toml,643,25,versioned scenario catalog,configuration-or-data,,
hil/scenarios/udp-rx-delivery-diagnostic.toml,441,21,versioned scenario catalog,configuration-or-data,,
hil/scenarios/udp-rx-he20-ceiling.toml,445,22,versioned scenario catalog,configuration-or-data,,
hil/scenarios/udp-rx-ht40-40m-512-performance.toml,568,23,versioned scenario catalog,configuration-or-data,,
hil/scenarios/udp-rx-ht40-ceiling.toml,530,23,versioned scenario catalog,configuration-or-data,,
hil/scenarios/udp-rx-ht40-core0-async-probe256-diagnostic.toml,802,29,versioned scenario catalog,configuration-or-data,,
hil/scenarios/udp-rx-ht40-core0-async-probe512-diagnostic.toml,802,29,versioned scenario catalog,configuration-or-data,,
hil/scenarios/udp-rx-ht40-core0-coarse-40m-1472-diagnostic.toml,706,28,versioned scenario catalog,configuration-or-data,,
hil/scenarios/udp-rx-ht40-core0-coarse-40m-512-diagnostic.toml,703,28,versioned scenario catalog,configuration-or-data,,
hil/scenarios/udp-rx-ht40-core0-coarse-diagnostic.toml,691,28,versioned scenario catalog,configuration-or-data,,
hil/scenarios/udp-rx-ht40-core0-direct-adaptive-probe-30m-1472-diagnostic.toml,862,30,versioned scenario catalog,configuration-or-data,,
hil/scenarios/udp-rx-ht40-core0-direct-adaptive-probe-40m-1472-diagnostic.toml,862,30,versioned scenario catalog,configuration-or-data,,
hil/scenarios/udp-rx-ht40-core0-direct-adaptive-probe-diagnostic.toml,817,30,versioned scenario catalog,configuration-or-data,,
hil/scenarios/udp-rx-ht40-core0-direct-adaptive-probe-small-frame-8m-diagnostic.toml,855,30,versioned scenario catalog,configuration-or-data,,
hil/scenarios/udp-rx-ht40-core0-direct-adaptive-probe-small-frame-diagnostic.toml,839,30,versioned scenario catalog,configuration-or-data,,
hil/scenarios/udp-rx-ht40-core0-direct-immediate-diagnostic.toml,759,29,versioned scenario catalog,configuration-or-data,,
hil/scenarios/udp-rx-ht40-core0-direct-immediate-small-frame-diagnostic.toml,794,29,versioned scenario catalog,configuration-or-data,,
hil/scenarios/udp-rx-ht40-core0-direct-level-irq-diagnostic.toml,814,30,versioned scenario catalog,configuration-or-data,,
hil/scenarios/udp-rx-ht40-core0-direct-probe1024-30m-1472-diagnostic.toml,840,30,versioned scenario catalog,configuration-or-data,,
hil/scenarios/udp-rx-ht40-core0-direct-probe1024-diagnostic.toml,823,30,versioned scenario catalog,configuration-or-data,,
hil/scenarios/udp-rx-ht40-core0-direct-probe1024-small-frame-8m-diagnostic.toml,856,30,versioned scenario catalog,configuration-or-data,,
hil/scenarios/udp-rx-ht40-core0-direct-probe128-diagnostic.toml,820,30,versioned scenario catalog,configuration-or-data,,
hil/scenarios/udp-rx-ht40-core0-direct-probe256-diagnostic.toml,820,30,versioned scenario catalog,configuration-or-data,,
hil/scenarios/udp-rx-ht40-core0-direct-probe256-small-frame-8m-diagnostic.toml,853,30,versioned scenario catalog,configuration-or-data,,
hil/scenarios/udp-rx-ht40-core0-direct-probe256-small-frame-diagnostic.toml,848,30,versioned scenario catalog,configuration-or-data,,
hil/scenarios/udp-rx-ht40-core0-direct-probe512-30m-1472-diagnostic.toml,837,30,versioned scenario catalog,configuration-or-data,,
hil/scenarios/udp-rx-ht40-core0-direct-probe512-diagnostic.toml,820,30,versioned scenario catalog,configuration-or-data,,
hil/scenarios/udp-rx-ht40-core0-direct-probe512-small-frame-8m-diagnostic.toml,853,30,versioned scenario catalog,configuration-or-data,,
hil/scenarios/udp-rx-ht40-core0-direct-probe512-small-frame-diagnostic.toml,848,30,versioned scenario catalog,configuration-or-data,,
hil/scenarios/udp-rx-ht40-core0-direct-probe64-diagnostic.toml,817,30,versioned scenario catalog,configuration-or-data,,
hil/scenarios/udp-rx-ht40-core0-rx-cache-off-diagnostic.toml,859,33,versioned scenario catalog,configuration-or-data,,
hil/scenarios/udp-rx-ht40-core0-rx-cycles-diagnostic.toml,903,33,versioned scenario catalog,configuration-or-data,,
hil/scenarios/udp-rx-ht40-core0-rx-deferred-ready-diagnostic.toml,899,33,versioned scenario catalog,configuration-or-data,,
hil/scenarios/udp-rx-ht40-delivery-40m-512-diagnostic.toml,698,28,versioned scenario catalog,configuration-or-data,,
hil/scenarios/udp-rx-ht40-delivery-diagnostic.toml,594,27,versioned scenario catalog,configuration-or-data,,
hil/scenarios/udp-rx-ht40-guard-interval-auto-diagnostic.toml,585,24,versioned scenario catalog,configuration-or-data,,
hil/scenarios/udp-rx-ht40-openwrt-delivery-diagnostic.toml,637,27,versioned scenario catalog,configuration-or-data,,
hil/scenarios/udp-rx-ht40-performance-ceiling.toml,549,23,versioned scenario catalog,configuration-or-data,,
hil/scenarios/udp-rx-ht40-rate-mask-auto-air-diagnostic.toml,661,28,versioned scenario catalog,configuration-or-data,,
hil/scenarios/udp-rx-ht40-rate-mask-lgi-air-diagnostic.toml,743,31,versioned scenario catalog,configuration-or-data,,
hil/scenarios/udp-rx-ht40-rate-mask-sgi-air-diagnostic.toml,746,31,versioned scenario catalog,configuration-or-data,,
hil/scenarios/udp-rx-ht40-split-baseline.toml,485,22,versioned scenario catalog,configuration-or-data,,
hil/scenarios/udp-rx-ht40-task-poll-diagnostic.toml,701,28,versioned scenario catalog,configuration-or-data,,
hil/scenarios/udp-rx-ht40-task-poll-no-rx-checksum-diagnostic.toml,713,28,versioned scenario catalog,configuration-or-data,,
hil/scenarios/udp-rx-ht40-task-poll-software-checksum-diagnostic.toml,677,27,versioned scenario catalog,configuration-or-data,,
hil/scenarios/udp-rx-ht40-task-residence-30.toml,551,22,versioned scenario catalog,configuration-or-data,,
hil/scenarios/udp-rx-ht40-task-residence-60.toml,551,22,versioned scenario catalog,configuration-or-data,,
hil/scenarios/udp-rx-ht40-task-residence-90.toml,551,22,versioned scenario catalog,configuration-or-data,,
hil/scenarios/udp-rx-ht40-task-residence-saturated.toml,722,28,versioned scenario catalog,configuration-or-data,,
hil/scenarios/udp-tx-emission-1472-no-checksum-diagnostic.toml,699,26,versioned scenario catalog,configuration-or-data,,
hil/scenarios/udp-tx-emission-1472-software-diagnostic.toml,655,25,versioned scenario catalog,configuration-or-data,,
hil/scenarios/udp-tx-emission-256-no-checksum-diagnostic.toml,695,26,versioned scenario catalog,configuration-or-data,,
hil/scenarios/udp-tx-emission-256-software-diagnostic.toml,651,25,versioned scenario catalog,configuration-or-data,,
hil/scenarios/udp-tx-emission-736-no-checksum-diagnostic.toml,696,26,versioned scenario catalog,configuration-or-data,,
hil/scenarios/udp-tx-emission-736-software-diagnostic.toml,652,25,versioned scenario catalog,configuration-or-data,,
hil/scenarios/udp-tx-he20-ceiling.toml,467,22,versioned scenario catalog,configuration-or-data,,
hil/scenarios/udp-tx-he20.toml,433,22,versioned scenario catalog,configuration-or-data,,
hil/scenarios/udp-tx-ht40-ceiling.toml,530,23,versioned scenario catalog,configuration-or-data,,
hil/scenarios/udp-tx-ht40-core0-coarse-diagnostic.toml,636,25,versioned scenario catalog,configuration-or-data,,
hil/scenarios/udp-tx-ht40-no-udp-checksum-diagnostic.toml,697,26,versioned scenario catalog,configuration-or-data,,
hil/scenarios/udp-tx-ht40-performance-ceiling.toml,550,23,versioned scenario catalog,configuration-or-data,,
hil/scenarios/udp-tx-ht40-split-baseline.toml,485,22,versioned scenario catalog,configuration-or-data,,
hil/scenarios/udp-tx-ht40-split-task-poll-diagnostic.toml,624,25,versioned scenario catalog,configuration-or-data,,
hil/scenarios/udp-tx-ht40-task-poll-diagnostic.toml,497,21,versioned scenario catalog,configuration-or-data,,
hil/scenarios/udp-tx-ht40-task-residence-diagnostic.toml,562,22,versioned scenario catalog,configuration-or-data,,
hil/scenarios/wifi-monitor-lifecycle.toml,402,19,versioned scenario catalog,configuration-or-data,,
hil/scenarios/wifi-role-roundtrip.toml,388,20,versioned scenario catalog,configuration-or-data,,
hil/scenarios/wifi-scan.toml,325,17,versioned scenario catalog,configuration-or-data,,
hil/targets/esp32s31/Cargo.lock,60002,2399,embedded HIL composition,cargo,,
hil/targets/esp32s31/Cargo.toml,3684,69,embedded HIL composition,cargo,,
hil/targets/esp32s31/README.md,3145,54,embedded HIL composition,documentation,,
hil/targets/esp32s31/board/Cargo.toml,307,13,embedded HIL composition,cargo,hil/targets/esp32s31/board/Cargo.toml,open-esp-radio-hil-esp32s31-board
hil/targets/esp32s31/board/src/lib.rs,1801,53,embedded HIL composition,rust,hil/targets/esp32s31/board/Cargo.toml,open-esp-radio-hil-esp32s31-board
hil/targets/esp32s31/bootstrap/Cargo.toml,568,18,embedded HIL composition,cargo,hil/targets/esp32s31/bootstrap/Cargo.toml,open-esp-radio-hil-esp32s31-bootstrap
hil/targets/esp32s31/bootstrap/build.rs,1120,32,embedded HIL composition,rust,hil/targets/esp32s31/bootstrap/Cargo.toml,open-esp-radio-hil-esp32s31-bootstrap
hil/targets/esp32s31/bootstrap/src/main.rs,12161,366,embedded HIL composition,rust,hil/targets/esp32s31/bootstrap/Cargo.toml,open-esp-radio-hil-esp32s31-bootstrap
hil/targets/esp32s31/linker/bootstrap/flash-sections.x,3089,82,embedded HIL composition,configuration-or-data,,
hil/targets/esp32s31/linker/bootstrap/link.x,60,2,embedded HIL composition,configuration-or-data,,
hil/targets/esp32s31/linker/bootstrap/memory.x,1096,25,embedded HIL composition,configuration-or-data,,
hil/targets/esp32s31/linker/bootstrap/psram-sections.x,909,30,embedded HIL composition,configuration-or-data,,
hil/targets/esp32s31/linker/bootstrap/sections.x,1633,51,embedded HIL composition,configuration-or-data,,
hil/targets/esp32s31/linker/rom/esp32s31-eco0.x,930,23,embedded HIL composition,configuration-or-data,,
hil/targets/esp32s31/linker/runtime/link.x,2328,62,embedded HIL composition,configuration-or-data,,
hil/targets/esp32s31/linker/runtime/memory.x,1104,20,embedded HIL composition,configuration-or-data,,
hil/targets/esp32s31/linker/runtime/sections.x,14956,330,embedded HIL composition,configuration-or-data,,
hil/targets/esp32s31/memory/tcp.toml,5246,213,embedded HIL composition,configuration-or-data,,
hil/targets/esp32s31/partitions/hil.csv,323,7,embedded HIL composition,configuration-or-data,,
hil/targets/esp32s31/runtime/Cargo.toml,5677,133,embedded HIL composition,cargo,hil/targets/esp32s31/runtime/Cargo.toml,open-esp-radio-hil-esp32s31-runtime
hil/targets/esp32s31/runtime/build.rs,2537,70,embedded HIL composition,rust,hil/targets/esp32s31/runtime/Cargo.toml,open-esp-radio-hil-esp32s31-runtime
hil/targets/esp32s31/runtime/src/boot_smoke_console.rs,917,29,embedded HIL composition,rust,hil/targets/esp32s31/runtime/Cargo.toml,open-esp-radio-hil-esp32s31-runtime
hil/targets/esp32s31/runtime/src/console.rs,97138,2316,embedded HIL composition,rust,hil/targets/esp32s31/runtime/Cargo.toml,open-esp-radio-hil-esp32s31-runtime
hil/targets/esp32s31/runtime/src/gdma_mem2mem_probe.rs,34968,964,embedded HIL composition,rust,hil/targets/esp32s31/runtime/Cargo.toml,open-esp-radio-hil-esp32s31-runtime
hil/targets/esp32s31/runtime/src/main.rs,28277,750,embedded HIL composition,rust,hil/targets/esp32s31/runtime/Cargo.toml,open-esp-radio-hil-esp32s31-runtime
hil/targets/esp32s31/runtime/src/phy_calibration_artifact.rs,3330,122,embedded HIL composition,rust,hil/targets/esp32s31/runtime/Cargo.toml,open-esp-radio-hil-esp32s31-runtime
hil/targets/esp32s31/runtime/src/product_hil.rs,120149,2640,embedded HIL composition,rust,hil/targets/esp32s31/runtime/Cargo.toml,open-esp-radio-hil-esp32s31-runtime
hil/targets/esp32s31/runtime/src/product_hil/ieee802154.rs,30196,645,embedded HIL composition,rust,hil/targets/esp32s31/runtime/Cargo.toml,open-esp-radio-hil-esp32s31-runtime
hil/targets/esp32s31/runtime/src/product_hil/rx_qualification.rs,9662,246,embedded HIL composition,rust,hil/targets/esp32s31/runtime/Cargo.toml,open-esp-radio-hil-esp32s31-runtime
hil/targets/esp32s31/runtime/src/product_hil/traffic/bidirectional.rs,6464,183,embedded HIL composition,rust,hil/targets/esp32s31/runtime/Cargo.toml,open-esp-radio-hil-esp32s31-runtime
hil/targets/esp32s31/runtime/src/product_hil/traffic/cache_performance.rs,299,6,embedded HIL composition,rust,hil/targets/esp32s31/runtime/Cargo.toml,open-esp-radio-hil-esp32s31-runtime
hil/targets/esp32s31/runtime/src/product_hil/traffic/evidence.rs,3834,105,embedded HIL composition,rust,hil/targets/esp32s31/runtime/Cargo.toml,open-esp-radio-hil-esp32s31-runtime
hil/targets/esp32s31/runtime/src/product_hil/traffic/mod.rs,3788,100,embedded HIL composition,rust,hil/targets/esp32s31/runtime/Cargo.toml,open-esp-radio-hil-esp32s31-runtime
hil/targets/esp32s31/runtime/src/product_hil/traffic/reporting.rs,50663,1197,embedded HIL composition,rust,hil/targets/esp32s31/runtime/Cargo.toml,open-esp-radio-hil-esp32s31-runtime
hil/targets/esp32s31/runtime/src/product_hil/traffic/runtime.rs,10209,251,embedded HIL composition,rust,hil/targets/esp32s31/runtime/Cargo.toml,open-esp-radio-hil-esp32s31-runtime
hil/targets/esp32s31/runtime/src/product_hil/traffic/tcp.rs,16554,447,embedded HIL composition,rust,hil/targets/esp32s31/runtime/Cargo.toml,open-esp-radio-hil-esp32s31-runtime
hil/targets/esp32s31/runtime/src/product_hil/traffic/udp/mod.rs,366,12,embedded HIL composition,rust,hil/targets/esp32s31/runtime/Cargo.toml,open-esp-radio-hil-esp32s31-runtime
hil/targets/esp32s31/runtime/src/product_hil/traffic/udp/rx.rs,36171,887,embedded HIL composition,rust,hil/targets/esp32s31/runtime/Cargo.toml,open-esp-radio-hil-esp32s31-runtime
hil/targets/esp32s31/runtime/src/product_hil/traffic/udp/tx.rs,22779,544,embedded HIL composition,rust,hil/targets/esp32s31/runtime/Cargo.toml,open-esp-radio-hil-esp32s31-runtime
hil/targets/esp32s31/runtime/src/psram_task_stack.rs,12497,398,embedded HIL composition,rust,hil/targets/esp32s31/runtime/Cargo.toml,open-esp-radio-hil-esp32s31-runtime
hil/targets/esp32s31/stack.toml,17248,231,embedded HIL composition,configuration-or-data,,
hil/targets/esp32s31/telemetry/Cargo.toml,514,12,embedded HIL composition,cargo,hil/targets/esp32s31/telemetry/Cargo.toml,open-esp-radio-hil-esp32s31-telemetry
hil/targets/esp32s31/telemetry/src/aggregate_tx.rs,86642,1866,embedded HIL composition,rust,hil/targets/esp32s31/telemetry/Cargo.toml,open-esp-radio-hil-esp32s31-telemetry
hil/targets/esp32s31/telemetry/src/lib.rs,416,17,embedded HIL composition,rust,hil/targets/esp32s31/telemetry/Cargo.toml,open-esp-radio-hil-esp32s31-telemetry
hil/targets/esp32s31/telemetry/src/mac_irq.rs,5281,148,embedded HIL composition,rust,hil/targets/esp32s31/telemetry/Cargo.toml,open-esp-radio-hil-esp32s31-telemetry
hil/targets/esp32s31/telemetry/src/rx_delivery.rs,14527,430,embedded HIL composition,rust,hil/targets/esp32s31/telemetry/Cargo.toml,open-esp-radio-hil-esp32s31-telemetry
hil/targets/esp32s31/telemetry/src/rx_evidence.rs,9340,279,embedded HIL composition,rust,hil/targets/esp32s31/telemetry/Cargo.toml,open-esp-radio-hil-esp32s31-telemetry
hil/targets/esp32s31/telemetry/src/rx_pipeline.rs,73641,1592,embedded HIL composition,rust,hil/targets/esp32s31/telemetry/Cargo.toml,open-esp-radio-hil-esp32s31-telemetry
hil/targets/esp32s31/telemetry/src/task_poll.rs,7253,232,embedded HIL composition,rust,hil/targets/esp32s31/telemetry/Cargo.toml,open-esp-radio-hil-esp32s31-telemetry
qualification/README.md,4436,97,readiness programs and documentation,documentation,,
qualification/targets/esp32s31/bluetooth-le.toml,28555,545,readiness programs and documentation,configuration-or-data,,
qualification/targets/esp32s31/ieee802154.toml,4988,132,readiness programs and documentation,configuration-or-data,,
qualification/targets/esp32s31/records/2026-07-31-driver-repo-he20-bidirectional.md,9778,173,historical qualification narrative,documentation,,
qualification/targets/esp32s31/records/2026-07-31-he20-dcm-connected.md,3543,98,historical qualification narrative,documentation,,
qualification/targets/esp32s31/records/2026-07-31-he20-dcm-ldpc-connected.md,2866,83,historical qualification narrative,documentation,,
qualification/targets/esp32s31/records/2026-07-31-vendor-oracle-transfer.md,2425,53,historical qualification narrative,documentation,,
qualification/targets/esp32s31/records/2026-08-02-esp32s31-pinned-rx-throughput.md,30275,544,historical qualification narrative,documentation,,
qualification/targets/esp32s31/records/2026-08-03-esp32s31-dual-core-rx.md,4572,95,historical qualification narrative,documentation,,
qualification/targets/esp32s31/records/2026-08-04-esp32s31-cold-scan-port.md,3627,69,historical qualification narrative,documentation,,
qualification/targets/esp32s31/records/2026-08-04-esp32s31-connected-epoch-transitions.md,3418,68,historical qualification narrative,documentation,,
qualification/targets/esp32s31/records/2026-08-04-esp32s31-connected-sta-port.md,3122,64,historical qualification narrative,documentation,,
qualification/targets/esp32s31/records/2026-08-04-esp32s31-he-rx-ampdu-containment.md,3625,85,historical qualification narrative,documentation,,
qualification/targets/esp32s31/records/2026-08-04-esp32s31-ht-rx-aggregation-metadata.md,3388,79,historical qualification narrative,documentation,,
qualification/targets/esp32s31/records/2026-08-04-esp32s31-interrupt-epoch.md,3300,64,historical qualification narrative,documentation,,
qualification/targets/esp32s31/records/2026-08-04-esp32s31-rx-s-mpdu-metadata.md,3479,81,historical qualification narrative,documentation,,
qualification/targets/esp32s31/records/2026-08-04-esp32s31-sta-join-port.md,2754,57,historical qualification narrative,documentation,,
qualification/targets/esp32s31/records/2026-08-04-esp32s31-sta-peer-port.md,3065,62,historical qualification narrative,documentation,,
qualification/targets/esp32s31/records/2026-08-04-esp32s31-station-ap-absence.md,3450,82,historical qualification narrative,documentation,,
qualification/targets/esp32s31/records/2026-08-04-esp32s31-station-ap-loss.md,2991,77,historical qualification narrative,documentation,,
qualification/targets/esp32s31/records/2026-08-04-esp32s31-station-reconnect.md,16057,283,historical qualification narrative,documentation,,
qualification/targets/esp32s31/records/2026-08-04-esp32s31-station-tx-fault.md,2556,68,historical qualification narrative,documentation,,
qualification/targets/esp32s31/records/2026-08-04-esp32s31-wpa2-port.md,2924,60,historical qualification narrative,documentation,,
qualification/targets/esp32s31/records/2026-08-06-esp32s31-network-regression.md,7741,152,historical qualification narrative,documentation,,
qualification/targets/esp32s31/records/2026-08-06-esp32s31-station-rx-fault.md,2814,71,historical qualification narrative,documentation,,
qualification/targets/esp32s31/records/2026-08-09-wifi-role-roundtrip.md,923,21,historical qualification narrative,documentation,,
qualification/targets/esp32s31/records/2026-08-10-esp32s31-rx-delivery-frontier.md,4381,87,historical qualification narrative,documentation,,
qualification/targets/esp32s31/records/2026-08-10-phy-parent-and-sta-lifecycle.md,1125,20,historical qualification narrative,documentation,,
qualification/targets/esp32s31/records/2026-08-10-stack-and-he20-regression.md,1596,27,historical qualification narrative,documentation,,
qualification/targets/esp32s31/records/2026-08-13-ht40-datapath-regression.md,6058,117,historical qualification narrative,documentation,,
qualification/targets/esp32s31/records/2026-08-17-esp32s31-ap-psram-stack-load.md,16362,310,historical qualification narrative,documentation,,
qualification/targets/esp32s31/records/2026-08-23-esp32s31-ap-tx-ba16-cutover.md,14034,271,historical qualification narrative,documentation,,
qualification/targets/esp32s31/records/2026-08-23-esp32s31-ap-tx-ceiling-analysis.md,9770,197,historical qualification narrative,documentation,,
qualification/targets/esp32s31/records/2026-08-24-esp32s31-ccmp-rx-fragmentation-frontier.md,3279,57,historical qualification narrative,documentation,,
qualification/targets/esp32s31/records/2026-08-24-esp32s31-ftm-requester-frontier.md,7147,103,historical qualification narrative,documentation,,
qualification/targets/esp32s31/records/2026-08-24-esp32s31-hardware-beacon-monitor-frontier.md,3369,69,historical qualification narrative,documentation,,
qualification/targets/esp32s31/records/2026-08-24-esp32s31-ht-duplicate-mcs32-frontier.md,5003,84,historical qualification narrative,documentation,,
qualification/targets/esp32s31/records/2026-08-25-esp32s31-ieee802154-back-to-back-ed.md,3749,85,historical qualification narrative,documentation,,
qualification/targets/esp32s31/records/2026-08-25-esp32s31-ieee802154-ed-event.md,3540,81,historical qualification narrative,documentation,,
qualification/targets/esp32s31/records/2026-08-25-esp32s31-ieee802154-event-status.md,3240,72,historical qualification narrative,documentation,,
qualification/targets/esp32s31/records/2026-08-25-esp32s31-ieee802154-generated-ed-done.md,2933,70,historical qualification narrative,documentation,,
qualification/targets/esp32s31/records/2026-08-26-esp32s31-sta-rx-degradation-investigation.md,125637,2127,historical qualification narrative,documentation,,
qualification/targets/esp32s31/records/2026-08-28-esp32s31-core0-rx-load-reduction.md,25302,496,historical qualification narrative,documentation,,
qualification/targets/esp32s31/records/2026-08-28-esp32s31-sta-tx-ceiling-analysis.md,10593,209,historical qualification narrative,documentation,,
qualification/targets/esp32s31/records/2026-08-29-esp32s31-sta-ap-current-state.md,26098,499,historical qualification narrative,documentation,,
qualification/targets/esp32s31/records/README.md,3498,46,historical qualification narrative,documentation,,
qualification/targets/esp32s31/wifi-sta.toml,6339,206,readiness programs and documentation,configuration-or-data,,
svd/README.md,10585,128,published register catalogs and bindings,documentation,,
svd/esp32s31-platform-radio-deps.svd,19957,554,published register catalogs and bindings,configuration-or-data,,
svd/esp32s31-radio.bindings.toml,933249,44517,published register catalogs and bindings,published-generated,,
svd/esp32s31-radio.svd,939134,23968,published register catalogs and bindings,published-generated,,
tools/README.md,2534,33,repository checks and launcher tests,documentation,,
tools/audit-cargo-metadata.sh,1923,58,repository checks and launcher tests,script,,
tools/audit-driver-architecture.sh,14408,409,repository checks and launcher tests,script,,
tools/audit-driver-safety.sh,10207,312,repository checks and launcher tests,script,,
tools/audit-source-only.sh,14458,388,repository checks and launcher tests,script,,
tools/blobray/Cargo.toml,2329,57,generic binary analysis engine and its contracts,cargo,tools/blobray/Cargo.toml,blobray
tools/blobray/README.md,13288,291,generic binary analysis engine and its contracts,documentation,tools/blobray/Cargo.toml,blobray
tools/blobray/addons/c/Cargo.toml,466,16,generic binary analysis engine and its contracts,cargo,tools/blobray/addons/c/Cargo.toml,open-radio-vendor-addon-c
tools/blobray/addons/c/README.md,640,14,generic binary analysis engine and its contracts,documentation,tools/blobray/addons/c/Cargo.toml,open-radio-vendor-addon-c
tools/blobray/addons/c/src/lib.rs,19648,618,generic binary analysis engine and its contracts,rust,tools/blobray/addons/c/Cargo.toml,open-radio-vendor-addon-c
tools/blobray/addons/esp-idf/Cargo.toml,457,16,generic binary analysis engine and its contracts,cargo,tools/blobray/addons/esp-idf/Cargo.toml,open-radio-vendor-addon-esp-idf
tools/blobray/addons/esp-idf/README.md,879,16,generic binary analysis engine and its contracts,documentation,tools/blobray/addons/esp-idf/Cargo.toml,open-radio-vendor-addon-esp-idf
tools/blobray/addons/esp-idf/src/bluetooth_controller.rs,19124,602,generic binary analysis engine and its contracts,rust,tools/blobray/addons/esp-idf/Cargo.toml,open-radio-vendor-addon-esp-idf
tools/blobray/addons/esp-idf/src/lib.rs,7791,223,generic binary analysis engine and its contracts,rust,tools/blobray/addons/esp-idf/Cargo.toml,open-radio-vendor-addon-esp-idf
tools/blobray/catalogs/neutral-embedded.toml,1113,36,generic binary analysis engine and its contracts,configuration-or-data,tools/blobray/Cargo.toml,blobray
tools/blobray/crates/analysis-model/Cargo.toml,445,17,generic binary analysis engine and its contracts,cargo,tools/blobray/crates/analysis-model/Cargo.toml,open-radio-vendor-analysis-model
tools/blobray/crates/analysis-model/README.md,314,7,generic binary analysis engine and its contracts,documentation,tools/blobray/crates/analysis-model/Cargo.toml,open-radio-vendor-analysis-model
tools/blobray/crates/analysis-model/src/ir/indexed_mmio.rs,16018,431,generic binary analysis engine and its contracts,rust,tools/blobray/crates/analysis-model/Cargo.toml,open-radio-vendor-analysis-model
tools/blobray/crates/analysis-model/src/ir/mod.rs,727,20,generic binary analysis engine and its contracts,rust,tools/blobray/crates/analysis-model/Cargo.toml,open-radio-vendor-analysis-model
tools/blobray/crates/analysis-model/src/ir/reference.rs,26073,748,generic binary analysis engine and its contracts,rust,tools/blobray/crates/analysis-model/Cargo.toml,open-radio-vendor-analysis-model
tools/blobray/crates/analysis-model/src/ir/reference/compaction.rs,24372,671,generic binary analysis engine and its contracts,rust,tools/blobray/crates/analysis-model/Cargo.toml,open-radio-vendor-analysis-model
tools/blobray/crates/analysis-model/src/ir/trace.rs,634,25,generic binary analysis engine and its contracts,rust,tools/blobray/crates/analysis-model/Cargo.toml,open-radio-vendor-analysis-model
tools/blobray/crates/analysis-model/src/ir/trace/events.rs,10622,368,generic binary analysis engine and its contracts,rust,tools/blobray/crates/analysis-model/Cargo.toml,open-radio-vendor-analysis-model
tools/blobray/crates/analysis-model/src/ir/trace/flow.rs,8300,243,generic binary analysis engine and its contracts,rust,tools/blobray/crates/analysis-model/Cargo.toml,open-radio-vendor-analysis-model
tools/blobray/crates/analysis-model/src/ir/trace/function.rs,13800,331,generic binary analysis engine and its contracts,rust,tools/blobray/crates/analysis-model/Cargo.toml,open-radio-vendor-analysis-model
tools/blobray/crates/analysis-model/src/ir/trace/tests.rs,1416,42,generic binary analysis engine and its contracts,rust,tools/blobray/crates/analysis-model/Cargo.toml,open-radio-vendor-analysis-model
tools/blobray/crates/analysis-model/src/ir/trace/validation.rs,24478,596,generic binary analysis engine and its contracts,rust,tools/blobray/crates/analysis-model/Cargo.toml,open-radio-vendor-analysis-model
tools/blobray/crates/analysis-model/src/ir/value/constructors.rs,15035,440,generic binary analysis engine and its contracts,rust,tools/blobray/crates/analysis-model/Cargo.toml,open-radio-vendor-analysis-model
tools/blobray/crates/analysis-model/src/ir/value/inspect.rs,40780,1085,generic binary analysis engine and its contracts,rust,tools/blobray/crates/analysis-model/Cargo.toml,open-radio-vendor-analysis-model
tools/blobray/crates/analysis-model/src/ir/value/mod.rs,12658,449,generic binary analysis engine and its contracts,rust,tools/blobray/crates/analysis-model/Cargo.toml,open-radio-vendor-analysis-model
tools/blobray/crates/analysis-model/src/ir/value/operations.rs,19444,561,generic binary analysis engine and its contracts,rust,tools/blobray/crates/analysis-model/Cargo.toml,open-radio-vendor-analysis-model
tools/blobray/crates/analysis-model/src/ir/value/rewrite.rs,20992,558,generic binary analysis engine and its contracts,rust,tools/blobray/crates/analysis-model/Cargo.toml,open-radio-vendor-analysis-model
tools/blobray/crates/analysis-model/src/lib.rs,1324,52,generic binary analysis engine and its contracts,rust,tools/blobray/crates/analysis-model/Cargo.toml,open-radio-vendor-analysis-model
tools/blobray/crates/analysis-model/src/mmio.rs,13858,442,generic binary analysis engine and its contracts,rust,tools/blobray/crates/analysis-model/Cargo.toml,open-radio-vendor-analysis-model
tools/blobray/crates/analysis-model/src/standard_runtime.rs,652,26,generic binary analysis engine and its contracts,rust,tools/blobray/crates/analysis-model/Cargo.toml,open-radio-vendor-analysis-model
tools/blobray/crates/backend-riscv/Cargo.toml,964,28,generic binary analysis engine and its contracts,cargo,tools/blobray/crates/backend-riscv/Cargo.toml,open-radio-vendor-backend-riscv
tools/blobray/crates/backend-riscv/README.md,447,9,generic binary analysis engine and its contracts,documentation,tools/blobray/crates/backend-riscv/Cargo.toml,open-radio-vendor-backend-riscv
tools/blobray/crates/backend-riscv/src/artifact/data_objects.rs,11568,298,generic binary analysis engine and its contracts,rust,tools/blobray/crates/backend-riscv/Cargo.toml,open-radio-vendor-backend-riscv
tools/blobray/crates/backend-riscv/src/artifact/debug.rs,6407,181,generic binary analysis engine and its contracts,rust,tools/blobray/crates/backend-riscv/Cargo.toml,open-radio-vendor-backend-riscv
tools/blobray/crates/backend-riscv/src/artifact/decode.rs,22998,618,generic binary analysis engine and its contracts,rust,tools/blobray/crates/backend-riscv/Cargo.toml,open-radio-vendor-backend-riscv
tools/blobray/crates/backend-riscv/src/artifact/function_body.rs,45442,1350,generic binary analysis engine and its contracts,rust,tools/blobray/crates/backend-riscv/Cargo.toml,open-radio-vendor-backend-riscv
tools/blobray/crates/backend-riscv/src/artifact/indexed_dispatch.rs,13803,361,generic binary analysis engine and its contracts,rust,tools/blobray/crates/backend-riscv/Cargo.toml,open-radio-vendor-backend-riscv
tools/blobray/crates/backend-riscv/src/artifact/inventory.rs,17550,446,generic binary analysis engine and its contracts,rust,tools/blobray/crates/backend-riscv/Cargo.toml,open-radio-vendor-backend-riscv
tools/blobray/crates/backend-riscv/src/artifact/mod.rs,2514,55,generic binary analysis engine and its contracts,rust,tools/blobray/crates/backend-riscv/Cargo.toml,open-radio-vendor-backend-riscv
tools/blobray/crates/backend-riscv/src/artifact/model.rs,17202,593,generic binary analysis engine and its contracts,rust,tools/blobray/crates/backend-riscv/Cargo.toml,open-radio-vendor-backend-riscv
tools/blobray/crates/backend-riscv/src/artifact/relocations.rs,5021,164,generic binary analysis engine and its contracts,rust,tools/blobray/crates/backend-riscv/Cargo.toml,open-radio-vendor-backend-riscv
tools/blobray/crates/backend-riscv/src/artifact/sections.rs,2168,59,generic binary analysis engine and its contracts,rust,tools/blobray/crates/backend-riscv/Cargo.toml,open-radio-vendor-backend-riscv
tools/blobray/crates/backend-riscv/src/artifact/symbols.rs,18755,497,generic binary analysis engine and its contracts,rust,tools/blobray/crates/backend-riscv/Cargo.toml,open-radio-vendor-backend-riscv
tools/blobray/crates/backend-riscv/src/artifact/tests.rs,29139,894,generic binary analysis engine and its contracts,rust,tools/blobray/crates/backend-riscv/Cargo.toml,open-radio-vendor-backend-riscv
tools/blobray/crates/backend-riscv/src/codegen/events.rs,2256,61,generic binary analysis engine and its contracts,rust,tools/blobray/crates/backend-riscv/Cargo.toml,open-radio-vendor-backend-riscv
tools/blobray/crates/backend-riscv/src/codegen/events/calls.rs,14493,362,generic binary analysis engine and its contracts,rust,tools/blobray/crates/backend-riscv/Cargo.toml,open-radio-vendor-backend-riscv
tools/blobray/crates/backend-riscv/src/codegen/events/memory.rs,8886,221,generic binary analysis engine and its contracts,rust,tools/blobray/crates/backend-riscv/Cargo.toml,open-radio-vendor-backend-riscv
tools/blobray/crates/backend-riscv/src/codegen/events/mmio.rs,4841,140,generic binary analysis engine and its contracts,rust,tools/blobray/crates/backend-riscv/Cargo.toml,open-radio-vendor-backend-riscv
tools/blobray/crates/backend-riscv/src/codegen/events/polls.rs,10523,263,generic binary analysis engine and its contracts,rust,tools/blobray/crates/backend-riscv/Cargo.toml,open-radio-vendor-backend-riscv
tools/blobray/crates/backend-riscv/src/codegen/flow.rs,3770,112,generic binary analysis engine and its contracts,rust,tools/blobray/crates/backend-riscv/Cargo.toml,open-radio-vendor-backend-riscv
tools/blobray/crates/backend-riscv/src/codegen/mod.rs,20921,573,generic binary analysis engine and its contracts,rust,tools/blobray/crates/backend-riscv/Cargo.toml,open-radio-vendor-backend-riscv
tools/blobray/crates/backend-riscv/src/codegen/tests/calls.rs,4751,139,generic binary analysis engine and its contracts,rust,tools/blobray/crates/backend-riscv/Cargo.toml,open-radio-vendor-backend-riscv
tools/blobray/crates/backend-riscv/src/codegen/tests/generation.rs,12226,343,generic binary analysis engine and its contracts,rust,tools/blobray/crates/backend-riscv/Cargo.toml,open-radio-vendor-backend-riscv
tools/blobray/crates/backend-riscv/src/codegen/tests/memory.rs,6527,193,generic binary analysis engine and its contracts,rust,tools/blobray/crates/backend-riscv/Cargo.toml,open-radio-vendor-backend-riscv
tools/blobray/crates/backend-riscv/src/codegen/tests/mod.rs,615,22,generic binary analysis engine and its contracts,rust,tools/blobray/crates/backend-riscv/Cargo.toml,open-radio-vendor-backend-riscv
tools/blobray/crates/backend-riscv/src/codegen/tests/polls.rs,3628,94,generic binary analysis engine and its contracts,rust,tools/blobray/crates/backend-riscv/Cargo.toml,open-radio-vendor-backend-riscv
tools/blobray/crates/backend-riscv/src/codegen/tests/value.rs,1977,68,generic binary analysis engine and its contracts,rust,tools/blobray/crates/backend-riscv/Cargo.toml,open-radio-vendor-backend-riscv
tools/blobray/crates/backend-riscv/src/codegen/value.rs,23002,606,generic binary analysis engine and its contracts,rust,tools/blobray/crates/backend-riscv/Cargo.toml,open-radio-vendor-backend-riscv
tools/blobray/crates/backend-riscv/src/direct_target_audit.rs,11526,336,generic binary analysis engine and its contracts,rust,tools/blobray/crates/backend-riscv/Cargo.toml,open-radio-vendor-backend-riscv
tools/blobray/crates/backend-riscv/src/execution/image.rs,2776,74,generic binary analysis engine and its contracts,rust,tools/blobray/crates/backend-riscv/Cargo.toml,open-radio-vendor-backend-riscv
tools/blobray/crates/backend-riscv/src/execution/image/access.rs,11439,291,generic binary analysis engine and its contracts,rust,tools/blobray/crates/backend-riscv/Cargo.toml,open-radio-vendor-backend-riscv
tools/blobray/crates/backend-riscv/src/execution/image/closure_identity.rs,11317,276,generic binary analysis engine and its contracts,rust,tools/blobray/crates/backend-riscv/Cargo.toml,open-radio-vendor-backend-riscv
tools/blobray/crates/backend-riscv/src/execution/image/coverage.rs,21906,492,generic binary analysis engine and its contracts,rust,tools/blobray/crates/backend-riscv/Cargo.toml,open-radio-vendor-backend-riscv
tools/blobray/crates/backend-riscv/src/execution/image/loader.rs,15884,393,generic binary analysis engine and its contracts,rust,tools/blobray/crates/backend-riscv/Cargo.toml,open-radio-vendor-backend-riscv
tools/blobray/crates/backend-riscv/src/execution/machine.rs,32922,905,generic binary analysis engine and its contracts,rust,tools/blobray/crates/backend-riscv/Cargo.toml,open-radio-vendor-backend-riscv
tools/blobray/crates/backend-riscv/src/execution/machine/events.rs,19682,503,generic binary analysis engine and its contracts,rust,tools/blobray/crates/backend-riscv/Cargo.toml,open-radio-vendor-backend-riscv
tools/blobray/crates/backend-riscv/src/execution/machine/memory.rs,12200,306,generic binary analysis engine and its contracts,rust,tools/blobray/crates/backend-riscv/Cargo.toml,open-radio-vendor-backend-riscv
tools/blobray/crates/backend-riscv/src/execution/machine/step.rs,33580,810,generic binary analysis engine and its contracts,rust,tools/blobray/crates/backend-riscv/Cargo.toml,open-radio-vendor-backend-riscv
tools/blobray/crates/backend-riscv/src/execution/mod.rs,1247,34,generic binary analysis engine and its contracts,rust,tools/blobray/crates/backend-riscv/Cargo.toml,open-radio-vendor-backend-riscv
tools/blobray/crates/backend-riscv/src/execution/model.rs,17318,516,generic binary analysis engine and its contracts,rust,tools/blobray/crates/backend-riscv/Cargo.toml,open-radio-vendor-backend-riscv
tools/blobray/crates/backend-riscv/src/execution/tests/calls.rs,31183,953,generic binary analysis engine and its contracts,rust,tools/blobray/crates/backend-riscv/Cargo.toml,open-radio-vendor-backend-riscv
tools/blobray/crates/backend-riscv/src/execution/tests/devices.rs,6362,222,generic binary analysis engine and its contracts,rust,tools/blobray/crates/backend-riscv/Cargo.toml,open-radio-vendor-backend-riscv
tools/blobray/crates/backend-riscv/src/execution/tests/image_and_control.rs,17021,513,generic binary analysis engine and its contracts,rust,tools/blobray/crates/backend-riscv/Cargo.toml,open-radio-vendor-backend-riscv
tools/blobray/crates/backend-riscv/src/execution/tests/memory.rs,16143,502,generic binary analysis engine and its contracts,rust,tools/blobray/crates/backend-riscv/Cargo.toml,open-radio-vendor-backend-riscv
tools/blobray/crates/backend-riscv/src/execution/tests/mod.rs,2656,86,generic binary analysis engine and its contracts,rust,tools/blobray/crates/backend-riscv/Cargo.toml,open-radio-vendor-backend-riscv
tools/blobray/crates/backend-riscv/src/execution/tests/services.rs,6496,198,generic binary analysis engine and its contracts,rust,tools/blobray/crates/backend-riscv/Cargo.toml,open-radio-vendor-backend-riscv
tools/blobray/crates/backend-riscv/src/execution/tests/session.rs,25415,733,generic binary analysis engine and its contracts,rust,tools/blobray/crates/backend-riscv/Cargo.toml,open-radio-vendor-backend-riscv
tools/blobray/crates/backend-riscv/src/interface_discovery/mod.rs,13371,330,generic binary analysis engine and its contracts,rust,tools/blobray/crates/backend-riscv/Cargo.toml,open-radio-vendor-backend-riscv
tools/blobray/crates/backend-riscv/src/interface_discovery/model.rs,6681,225,generic binary analysis engine and its contracts,rust,tools/blobray/crates/backend-riscv/Cargo.toml,open-radio-vendor-backend-riscv
tools/blobray/crates/backend-riscv/src/interface_discovery/state.rs,16222,498,generic binary analysis engine and its contracts,rust,tools/blobray/crates/backend-riscv/Cargo.toml,open-radio-vendor-backend-riscv
tools/blobray/crates/backend-riscv/src/interface_discovery/tests.rs,17364,553,generic binary analysis engine and its contracts,rust,tools/blobray/crates/backend-riscv/Cargo.toml,open-radio-vendor-backend-riscv
tools/blobray/crates/backend-riscv/src/lib.rs,3578,111,generic binary analysis engine and its contracts,rust,tools/blobray/crates/backend-riscv/Cargo.toml,open-radio-vendor-backend-riscv
tools/blobray/crates/backend-riscv/src/reference_analysis/flatten.rs,27016,630,generic binary analysis engine and its contracts,rust,tools/blobray/crates/backend-riscv/Cargo.toml,open-radio-vendor-backend-riscv
tools/blobray/crates/backend-riscv/src/reference_analysis/flow.rs,25744,676,generic binary analysis engine and its contracts,rust,tools/blobray/crates/backend-riscv/Cargo.toml,open-radio-vendor-backend-riscv
tools/blobray/crates/backend-riscv/src/reference_analysis/inline.rs,17840,482,generic binary analysis engine and its contracts,rust,tools/blobray/crates/backend-riscv/Cargo.toml,open-radio-vendor-backend-riscv
tools/blobray/crates/backend-riscv/src/reference_analysis/intrinsics.rs,3605,83,generic binary analysis engine and its contracts,rust,tools/blobray/crates/backend-riscv/Cargo.toml,open-radio-vendor-backend-riscv
tools/blobray/crates/backend-riscv/src/reference_analysis/mod.rs,11558,314,generic binary analysis engine and its contracts,rust,tools/blobray/crates/backend-riscv/Cargo.toml,open-radio-vendor-backend-riscv
tools/blobray/crates/backend-riscv/src/reference_analysis/resolver.rs,39968,1045,generic binary analysis engine and its contracts,rust,tools/blobray/crates/backend-riscv/Cargo.toml,open-radio-vendor-backend-riscv
tools/blobray/crates/backend-riscv/src/static_analysis/alu.rs,12753,284,generic binary analysis engine and its contracts,rust,tools/blobray/crates/backend-riscv/Cargo.toml,open-radio-vendor-backend-riscv
tools/blobray/crates/backend-riscv/src/static_analysis/calls.rs,40166,1057,generic binary analysis engine and its contracts,rust,tools/blobray/crates/backend-riscv/Cargo.toml,open-radio-vendor-backend-riscv
tools/blobray/crates/backend-riscv/src/static_analysis/context.rs,10671,311,generic binary analysis engine and its contracts,rust,tools/blobray/crates/backend-riscv/Cargo.toml,open-radio-vendor-backend-riscv
tools/blobray/crates/backend-riscv/src/static_analysis/memory.rs,29606,829,generic binary analysis engine and its contracts,rust,tools/blobray/crates/backend-riscv/Cargo.toml,open-radio-vendor-backend-riscv
tools/blobray/crates/backend-riscv/src/static_analysis/memory_access.rs,44382,973,generic binary analysis engine and its contracts,rust,tools/blobray/crates/backend-riscv/Cargo.toml,open-radio-vendor-backend-riscv
tools/blobray/crates/backend-riscv/src/static_analysis/mod.rs,50535,1256,generic binary analysis engine and its contracts,rust,tools/blobray/crates/backend-riscv/Cargo.toml,open-radio-vendor-backend-riscv
tools/blobray/crates/backend-riscv/src/static_analysis/poll.rs,9360,271,generic binary analysis engine and its contracts,rust,tools/blobray/crates/backend-riscv/Cargo.toml,open-radio-vendor-backend-riscv
tools/blobray/crates/backend-riscv/src/static_analysis/stack.rs,1944,59,generic binary analysis engine and its contracts,rust,tools/blobray/crates/backend-riscv/Cargo.toml,open-radio-vendor-backend-riscv
tools/blobray/crates/backend-riscv/src/static_analysis/state.rs,14558,350,generic binary analysis engine and its contracts,rust,tools/blobray/crates/backend-riscv/Cargo.toml,open-radio-vendor-backend-riscv
tools/blobray/crates/contracts/Cargo.toml,455,19,generic binary analysis engine and its contracts,cargo,tools/blobray/crates/contracts/Cargo.toml,open-radio-vendor-contracts
tools/blobray/crates/contracts/README.md,294,6,generic binary analysis engine and its contracts,documentation,tools/blobray/crates/contracts/Cargo.toml,open-radio-vendor-contracts
tools/blobray/crates/contracts/src/fact.rs,23257,734,generic binary analysis engine and its contracts,rust,tools/blobray/crates/contracts/Cargo.toml,open-radio-vendor-contracts
tools/blobray/crates/contracts/src/identity.rs,29011,906,generic binary analysis engine and its contracts,rust,tools/blobray/crates/contracts/Cargo.toml,open-radio-vendor-contracts
tools/blobray/crates/contracts/src/lib.rs,12621,423,generic binary analysis engine and its contracts,rust,tools/blobray/crates/contracts/Cargo.toml,open-radio-vendor-contracts
tools/blobray/crates/contracts/src/model_provider.rs,1363,36,generic binary analysis engine and its contracts,rust,tools/blobray/crates/contracts/Cargo.toml,open-radio-vendor-contracts
tools/blobray/crates/execution-model/Cargo.toml,431,16,generic binary analysis engine and its contracts,cargo,tools/blobray/crates/execution-model/Cargo.toml,open-radio-vendor-execution-model
tools/blobray/crates/execution-model/src/device.rs,3635,114,generic binary analysis engine and its contracts,rust,tools/blobray/crates/execution-model/Cargo.toml,open-radio-vendor-execution-model
tools/blobray/crates/execution-model/src/device/spec.rs,11670,346,generic binary analysis engine and its contracts,rust,tools/blobray/crates/execution-model/Cargo.toml,open-radio-vendor-execution-model
tools/blobray/crates/execution-model/src/device/standard.rs,10933,345,generic binary analysis engine and its contracts,rust,tools/blobray/crates/execution-model/Cargo.toml,open-radio-vendor-execution-model
tools/blobray/crates/execution-model/src/goal.rs,539,25,generic binary analysis engine and its contracts,rust,tools/blobray/crates/execution-model/Cargo.toml,open-radio-vendor-execution-model
tools/blobray/crates/execution-model/src/lib.rs,1643,67,generic binary analysis engine and its contracts,rust,tools/blobray/crates/execution-model/Cargo.toml,open-radio-vendor-execution-model
tools/blobray/crates/execution-model/src/service.rs,2637,104,generic binary analysis engine and its contracts,rust,tools/blobray/crates/execution-model/Cargo.toml,open-radio-vendor-execution-model
tools/blobray/crates/execution-model/src/table.rs,1839,64,generic binary analysis engine and its contracts,rust,tools/blobray/crates/execution-model/Cargo.toml,open-radio-vendor-execution-model
tools/blobray/crates/execution-model/src/tests.rs,1621,55,generic binary analysis engine and its contracts,rust,tools/blobray/crates/execution-model/Cargo.toml,open-radio-vendor-execution-model
tools/blobray/crates/register-model/Cargo.toml,678,22,generic binary analysis engine and its contracts,cargo,tools/blobray/crates/register-model/Cargo.toml,open-esp-radio-register-model
tools/blobray/crates/register-model/README.md,3270,55,generic binary analysis engine and its contracts,documentation,tools/blobray/crates/register-model/Cargo.toml,open-esp-radio-register-model
tools/blobray/crates/register-model/src/lib.rs,105266,2841,generic binary analysis engine and its contracts,rust,tools/blobray/crates/register-model/Cargo.toml,open-esp-radio-register-model
tools/blobray/crates/register-model/src/model_validation.rs,8188,247,generic binary analysis engine and its contracts,rust,tools/blobray/crates/register-model/Cargo.toml,open-esp-radio-register-model
tools/blobray/crates/register-model/src/pac_api.rs,87465,2271,generic binary analysis engine and its contracts,rust,tools/blobray/crates/register-model/Cargo.toml,open-esp-radio-register-model
tools/blobray/crates/register-model/src/pac_api_render.rs,85975,1915,generic binary analysis engine and its contracts,rust,tools/blobray/crates/register-model/Cargo.toml,open-esp-radio-register-model
tools/blobray/crates/register-model/src/pac_api_svd.rs,67433,1868,generic binary analysis engine and its contracts,rust,tools/blobray/crates/register-model/Cargo.toml,open-esp-radio-register-model
tools/blobray/crates/register-model/src/pac_bindings.rs,18660,544,generic binary analysis engine and its contracts,rust,tools/blobray/crates/register-model/Cargo.toml,open-esp-radio-register-model
tools/blobray/crates/register-model/src/register_evidence.rs,8495,258,generic binary analysis engine and its contracts,rust,tools/blobray/crates/register-model/Cargo.toml,open-esp-radio-register-model
tools/blobray/crates/register-model/src/register_lints.rs,3456,98,generic binary analysis engine and its contracts,rust,tools/blobray/crates/register-model/Cargo.toml,open-esp-radio-register-model
tools/blobray/crates/review-model/Cargo.toml,577,20,generic binary analysis engine and its contracts,cargo,tools/blobray/crates/review-model/Cargo.toml,open-radio-vendor-review
tools/blobray/crates/review-model/README.md,1896,35,generic binary analysis engine and its contracts,documentation,tools/blobray/crates/review-model/Cargo.toml,open-radio-vendor-review
tools/blobray/crates/review-model/src/lib.rs,40616,1195,generic binary analysis engine and its contracts,rust,tools/blobray/crates/review-model/Cargo.toml,open-radio-vendor-review
tools/blobray/crates/semantics/Cargo.toml,526,18,generic binary analysis engine and its contracts,cargo,tools/blobray/crates/semantics/Cargo.toml,open-radio-vendor-semantics
tools/blobray/crates/semantics/README.md,239,5,generic binary analysis engine and its contracts,documentation,tools/blobray/crates/semantics/Cargo.toml,open-radio-vendor-semantics
tools/blobray/crates/semantics/src/effect_contract.rs,278,14,generic binary analysis engine and its contracts,rust,tools/blobray/crates/semantics/Cargo.toml,open-radio-vendor-semantics
tools/blobray/crates/semantics/src/effect_contract/compare.rs,10953,285,generic binary analysis engine and its contracts,rust,tools/blobray/crates/semantics/Cargo.toml,open-radio-vendor-semantics
tools/blobray/crates/semantics/src/effect_contract/model.rs,21149,649,generic binary analysis engine and its contracts,rust,tools/blobray/crates/semantics/Cargo.toml,open-radio-vendor-semantics
tools/blobray/crates/semantics/src/effect_contract/tests.rs,12440,415,generic binary analysis engine and its contracts,rust,tools/blobray/crates/semantics/Cargo.toml,open-radio-vendor-semantics
tools/blobray/crates/semantics/src/equivalence.rs,2207,79,generic binary analysis engine and its contracts,rust,tools/blobray/crates/semantics/Cargo.toml,open-radio-vendor-semantics
tools/blobray/crates/semantics/src/lib.rs,3604,109,generic binary analysis engine and its contracts,rust,tools/blobray/crates/semantics/Cargo.toml,open-radio-vendor-semantics
tools/blobray/docs/analysis-and-semantic-ir.md,7518,150,generic binary analysis engine and its contracts,documentation,tools/blobray/Cargo.toml,blobray
tools/blobray/docs/architecture.md,18641,267,generic binary analysis engine and its contracts,documentation,tools/blobray/Cargo.toml,blobray
tools/blobray/docs/automation.md,3865,81,generic binary analysis engine and its contracts,documentation,tools/blobray/Cargo.toml,blobray
tools/blobray/docs/cache-policy.md,8278,149,generic binary analysis engine and its contracts,documentation,tools/blobray/Cargo.toml,blobray
tools/blobray/docs/code-workspace.md,2395,47,generic binary analysis engine and its contracts,documentation,tools/blobray/Cargo.toml,blobray
tools/blobray/docs/formats.md,16977,272,generic binary analysis engine and its contracts,documentation,tools/blobray/Cargo.toml,blobray
tools/blobray/docs/function-workspace.md,2827,53,generic binary analysis engine and its contracts,documentation,tools/blobray/Cargo.toml,blobray
tools/blobray/docs/project-workflow.md,43346,775,generic binary analysis engine and its contracts,documentation,tools/blobray/Cargo.toml,blobray
tools/blobray/docs/registers-and-pac.md,13810,264,generic binary analysis engine and its contracts,documentation,tools/blobray/Cargo.toml,blobray
tools/blobray/docs/research-next.md,15817,272,generic binary analysis engine and its contracts,documentation,tools/blobray/Cargo.toml,blobray
tools/blobray/docs/tui.md,8191,131,generic binary analysis engine and its contracts,documentation,tools/blobray/Cargo.toml,blobray
tools/blobray/docs/verification.md,13295,245,generic binary analysis engine and its contracts,documentation,tools/blobray/Cargo.toml,blobray
tools/blobray/ecosystem-packs/embedded-riscv.toml,237,5,generic binary analysis engine and its contracts,configuration-or-data,tools/blobray/Cargo.toml,blobray
tools/blobray/scripts/check-standalone,1480,58,generic binary analysis engine and its contracts,script,tools/blobray/Cargo.toml,blobray
tools/blobray/scripts/run-limited,5794,178,generic binary analysis engine and its contracts,script,tools/blobray/Cargo.toml,blobray
tools/blobray/src/analysis/effective_code.rs,4204,119,generic binary analysis engine and its contracts,rust,tools/blobray/Cargo.toml,blobray
tools/blobray/src/analysis/interface_tables.rs,10701,291,generic binary analysis engine and its contracts,rust,tools/blobray/Cargo.toml,blobray
tools/blobray/src/analysis/linkage.rs,18945,542,generic binary analysis engine and its contracts,rust,tools/blobray/Cargo.toml,blobray
tools/blobray/src/analysis/linked_ir.rs,54033,1402,generic binary analysis engine and its contracts,rust,tools/blobray/Cargo.toml,blobray
tools/blobray/src/analysis/linked_ir/calls.rs,32617,888,generic binary analysis engine and its contracts,rust,tools/blobray/Cargo.toml,blobray
tools/blobray/src/analysis/linked_ir/calls/abi.rs,5428,152,generic binary analysis engine and its contracts,rust,tools/blobray/Cargo.toml,blobray
tools/blobray/src/analysis/linked_ir/direct_trace.rs,33133,960,generic binary analysis engine and its contracts,rust,tools/blobray/Cargo.toml,blobray
tools/blobray/src/analysis/linked_ir/effects.rs,37590,1090,generic binary analysis engine and its contracts,rust,tools/blobray/Cargo.toml,blobray
tools/blobray/src/analysis/linked_ir/function_cache.rs,69831,1959,generic binary analysis engine and its contracts,rust,tools/blobray/Cargo.toml,blobray
tools/blobray/src/analysis/linked_ir/identity.rs,13895,401,generic binary analysis engine and its contracts,rust,tools/blobray/Cargo.toml,blobray
tools/blobray/src/analysis/linked_ir/model.rs,40138,1117,generic binary analysis engine and its contracts,rust,tools/blobray/Cargo.toml,blobray
tools/blobray/src/analysis/linked_ir/provenance.rs,13552,417,generic binary analysis engine and its contracts,rust,tools/blobray/Cargo.toml,blobray
tools/blobray/src/analysis/linked_ir/pseudo.rs,47448,1355,generic binary analysis engine and its contracts,rust,tools/blobray/Cargo.toml,blobray
tools/blobray/src/analysis/linked_ir/register_index.rs,10000,288,generic binary analysis engine and its contracts,rust,tools/blobray/Cargo.toml,blobray
tools/blobray/src/analysis/linked_ir/register_index/build.rs,21322,501,generic binary analysis engine and its contracts,rust,tools/blobray/Cargo.toml,blobray
tools/blobray/src/analysis/linked_ir/register_index/evidence.rs,9649,223,generic binary analysis engine and its contracts,rust,tools/blobray/Cargo.toml,blobray
tools/blobray/src/analysis/linked_ir/return_frontier.rs,39399,1077,generic binary analysis engine and its contracts,rust,tools/blobray/Cargo.toml,blobray
tools/blobray/src/analysis/linked_ir/scenario_suggestions.rs,12081,357,generic binary analysis engine and its contracts,rust,tools/blobray/Cargo.toml,blobray
tools/blobray/src/analysis/linked_ir/summary.rs,936,36,generic binary analysis engine and its contracts,rust,tools/blobray/Cargo.toml,blobray
tools/blobray/src/analysis/linked_ir/summary/effect.rs,17937,411,generic binary analysis engine and its contracts,rust,tools/blobray/Cargo.toml,blobray
tools/blobray/src/analysis/linked_ir/summary/event_dispatch.rs,3467,83,generic binary analysis engine and its contracts,rust,tools/blobray/Cargo.toml,blobray
tools/blobray/src/analysis/linked_ir/summary/projection.rs,20709,554,generic binary analysis engine and its contracts,rust,tools/blobray/Cargo.toml,blobray
tools/blobray/src/analysis/linked_ir/tests.rs,10308,303,generic binary analysis engine and its contracts,rust,tools/blobray/Cargo.toml,blobray
tools/blobray/src/analysis/linked_ir/tests/dispatch_and_calls.rs,59530,1743,generic binary analysis engine and its contracts,rust,tools/blobray/Cargo.toml,blobray
tools/blobray/src/analysis/linked_ir/tests/flow_and_mmio.rs,43048,1239,generic binary analysis engine and its contracts,rust,tools/blobray/Cargo.toml,blobray
tools/blobray/src/analysis/linked_ir/tests/guard_provenance.rs,12944,393,generic binary analysis engine and its contracts,rust,tools/blobray/Cargo.toml,blobray
tools/blobray/src/analysis/linked_ir/tests/project_summary.rs,29366,852,generic binary analysis engine and its contracts,rust,tools/blobray/Cargo.toml,blobray
tools/blobray/src/analysis/linked_ir/tests/recursion_and_delay.rs,3840,115,generic binary analysis engine and its contracts,rust,tools/blobray/Cargo.toml,blobray
tools/blobray/src/analysis/mmio_discovery.rs,29188,829,generic binary analysis engine and its contracts,rust,tools/blobray/Cargo.toml,blobray
tools/blobray/src/analysis/mod.rs,888,27,generic binary analysis engine and its contracts,rust,tools/blobray/Cargo.toml,blobray
tools/blobray/src/analysis/service.rs,4873,159,generic binary analysis engine and its contracts,rust,tools/blobray/Cargo.toml,blobray
tools/blobray/src/application/action.rs,5893,189,generic binary analysis engine and its contracts,rust,tools/blobray/Cargo.toml,blobray
tools/blobray/src/application/artifact_store.rs,1606,41,generic binary analysis engine and its contracts,rust,tools/blobray/Cargo.toml,blobray
tools/blobray/src/application/capability_context.rs,22329,628,generic binary analysis engine and its contracts,rust,tools/blobray/Cargo.toml,blobray
tools/blobray/src/application/comparison.rs,5034,123,generic binary analysis engine and its contracts,rust,tools/blobray/Cargo.toml,blobray
tools/blobray/src/application/configuration.rs,8851,273,generic binary analysis engine and its contracts,rust,tools/blobray/Cargo.toml,blobray
tools/blobray/src/application/configuration/tests.rs,5591,160,generic binary analysis engine and its contracts,rust,tools/blobray/Cargo.toml,blobray
tools/blobray/src/application/error.rs,375,13,generic binary analysis engine and its contracts,rust,tools/blobray/Cargo.toml,blobray
tools/blobray/src/application/event_replay.rs,24595,764,generic binary analysis engine and its contracts,rust,tools/blobray/Cargo.toml,blobray
tools/blobray/src/application/generated_file.rs,10724,331,generic binary analysis engine and its contracts,rust,tools/blobray/Cargo.toml,blobray
tools/blobray/src/application/mod.rs,7852,209,generic binary analysis engine and its contracts,rust,tools/blobray/Cargo.toml,blobray
tools/blobray/src/application/model.rs,16849,595,generic binary analysis engine and its contracts,rust,tools/blobray/Cargo.toml,blobray
tools/blobray/src/application/operations.rs,5336,148,generic binary analysis engine and its contracts,rust,tools/blobray/Cargo.toml,blobray
tools/blobray/src/application/pipeline.rs,10753,368,generic binary analysis engine and its contracts,rust,tools/blobray/Cargo.toml,blobray
tools/blobray/src/application/project_analysis.rs,36257,976,generic binary analysis engine and its contracts,rust,tools/blobray/Cargo.toml,blobray
tools/blobray/src/application/project_analysis/cache.rs,76631,2108,generic binary analysis engine and its contracts,rust,tools/blobray/Cargo.toml,blobray
tools/blobray/src/application/project_analysis/operations.rs,74817,2066,generic binary analysis engine and its contracts,rust,tools/blobray/Cargo.toml,blobray
tools/blobray/src/application/project_analysis/plan.rs,17064,489,generic binary analysis engine and its contracts,rust,tools/blobray/Cargo.toml,blobray
tools/blobray/src/application/project_files.rs,45148,1411,generic binary analysis engine and its contracts,rust,tools/blobray/Cargo.toml,blobray
tools/blobray/src/application/project_ir_build.rs,22653,628,generic binary analysis engine and its contracts,rust,tools/blobray/Cargo.toml,blobray
tools/blobray/src/application/project_publication.rs,11522,350,generic binary analysis engine and its contracts,rust,tools/blobray/Cargo.toml,blobray
tools/blobray/src/application/query_store.rs,280294,7174,generic binary analysis engine and its contracts,rust,tools/blobray/Cargo.toml,blobray
tools/blobray/src/application/query_store/access_lock.rs,1020,33,generic binary analysis engine and its contracts,rust,tools/blobray/Cargo.toml,blobray
tools/blobray/src/application/query_store/benchmark.rs,5350,162,generic binary analysis engine and its contracts,rust,tools/blobray/Cargo.toml,blobray
tools/blobray/src/application/query_store/lock_tests.rs,4314,120,generic binary analysis engine and its contracts,rust,tools/blobray/Cargo.toml,blobray
tools/blobray/src/application/query_store/retention.rs,9513,229,generic binary analysis engine and its contracts,rust,tools/blobray/Cargo.toml,blobray
tools/blobray/src/application/query_store/retention/tests.rs,15220,460,generic binary analysis engine and its contracts,rust,tools/blobray/Cargo.toml,blobray
tools/blobray/src/application/research.rs,294327,7852,generic binary analysis engine and its contracts,rust,tools/blobray/Cargo.toml,blobray
tools/blobray/src/application/resolve.rs,16584,435,generic binary analysis engine and its contracts,rust,tools/blobray/Cargo.toml,blobray
tools/blobray/src/application/revision.rs,177064,4798,generic binary analysis engine and its contracts,rust,tools/blobray/Cargo.toml,blobray
tools/blobray/src/application/snapshot.rs,25476,687,generic binary analysis engine and its contracts,rust,tools/blobray/Cargo.toml,blobray
tools/blobray/src/application/snapshot/code.rs,4280,127,generic binary analysis engine and its contracts,rust,tools/blobray/Cargo.toml,blobray
tools/blobray/src/application/snapshot/comparisons.rs,2048,54,generic binary analysis engine and its contracts,rust,tools/blobray/Cargo.toml,blobray
tools/blobray/src/application/snapshot/functions.rs,10611,285,generic binary analysis engine and its contracts,rust,tools/blobray/Cargo.toml,blobray
tools/blobray/src/application/snapshot/interfaces.rs,5073,128,generic binary analysis engine and its contracts,rust,tools/blobray/Cargo.toml,blobray
tools/blobray/src/application/snapshot/policy.rs,1377,39,generic binary analysis engine and its contracts,rust,tools/blobray/Cargo.toml,blobray
tools/blobray/src/application/snapshot/registers.rs,15269,414,generic binary analysis engine and its contracts,rust,tools/blobray/Cargo.toml,blobray
tools/blobray/src/application/snapshot/review_queue.rs,2230,62,generic binary analysis engine and its contracts,rust,tools/blobray/Cargo.toml,blobray
tools/blobray/src/application/snapshot/scopes.rs,2540,63,generic binary analysis engine and its contracts,rust,tools/blobray/Cargo.toml,blobray
tools/blobray/src/application/status.rs,3664,104,generic binary analysis engine and its contracts,rust,tools/blobray/Cargo.toml,blobray
tools/blobray/src/application/status/analysis.rs,26243,664,generic binary analysis engine and its contracts,rust,tools/blobray/Cargo.toml,blobray
tools/blobray/src/application/status/configuration_inputs.rs,12106,329,generic binary analysis engine and its contracts,rust,tools/blobray/Cargo.toml,blobray
tools/blobray/src/application/status/model.rs,18970,636,generic binary analysis engine and its contracts,rust,tools/blobray/Cargo.toml,blobray
tools/blobray/src/application/status/policy.rs,3179,83,generic binary analysis engine and its contracts,rust,tools/blobray/Cargo.toml,blobray
tools/blobray/src/application/status/publication.rs,5220,142,generic binary analysis engine and its contracts,rust,tools/blobray/Cargo.toml,blobray
tools/blobray/src/application/status/review.rs,16047,385,generic binary analysis engine and its contracts,rust,tools/blobray/Cargo.toml,blobray
tools/blobray/src/application/status/revision.rs,2928,67,generic binary analysis engine and its contracts,rust,tools/blobray/Cargo.toml,blobray
tools/blobray/src/application/status/verification.rs,21606,627,generic binary analysis engine and its contracts,rust,tools/blobray/Cargo.toml,blobray
tools/blobray/src/artifact_occurrence.rs,5774,187,generic binary analysis engine and its contracts,rust,tools/blobray/Cargo.toml,blobray
tools/blobray/src/artifacts/interface_facts.rs,16200,534,generic binary analysis engine and its contracts,rust,tools/blobray/Cargo.toml,blobray
tools/blobray/src/artifacts/interface_facts_read.rs,7605,265,generic binary analysis engine and its contracts,rust,tools/blobray/Cargo.toml,blobray
tools/blobray/src/artifacts/json.rs,2440,81,generic binary analysis engine and its contracts,rust,tools/blobray/Cargo.toml,blobray
tools/blobray/src/artifacts/linked_ir.rs,8191,232,generic binary analysis engine and its contracts,rust,tools/blobray/Cargo.toml,blobray
tools/blobray/src/artifacts/linked_ir_bundle.rs,46931,1285,generic binary analysis engine and its contracts,rust,tools/blobray/Cargo.toml,blobray
tools/blobray/src/artifacts/linked_ir_document.rs,59875,1710,generic binary analysis engine and its contracts,rust,tools/blobray/Cargo.toml,blobray
tools/blobray/src/artifacts/linked_ir_read.rs,2706,64,generic binary analysis engine and its contracts,rust,tools/blobray/Cargo.toml,blobray
tools/blobray/src/artifacts/linked_ir_read/schema.rs,79117,2430,generic binary analysis engine and its contracts,rust,tools/blobray/Cargo.toml,blobray
tools/blobray/src/artifacts/linked_ir_read/schema/mmio.rs,3167,101,generic binary analysis engine and its contracts,rust,tools/blobray/Cargo.toml,blobray
tools/blobray/src/artifacts/mmio_facts.rs,9583,279,generic binary analysis engine and its contracts,rust,tools/blobray/Cargo.toml,blobray
tools/blobray/src/artifacts/mmio_facts_read.rs,4360,146,generic binary analysis engine and its contracts,rust,tools/blobray/Cargo.toml,blobray
tools/blobray/src/artifacts/mod.rs,4973,164,generic binary analysis engine and its contracts,rust,tools/blobray/Cargo.toml,blobray
tools/blobray/src/artifacts/replay_evidence.rs,4351,130,generic binary analysis engine and its contracts,rust,tools/blobray/Cargo.toml,blobray
tools/blobray/src/artifacts/replay_evidence_read.rs,4859,172,generic binary analysis engine and its contracts,rust,tools/blobray/Cargo.toml,blobray
tools/blobray/src/artifacts/symbol_inventory.rs,13648,373,generic binary analysis engine and its contracts,rust,tools/blobray/Cargo.toml,blobray
tools/blobray/src/artifacts/symbol_inventory/read.rs,25448,659,generic binary analysis engine and its contracts,rust,tools/blobray/Cargo.toml,blobray
tools/blobray/src/blocker_resolution.rs,49483,1136,generic binary analysis engine and its contracts,rust,tools/blobray/Cargo.toml,blobray
tools/blobray/src/chip_pack.rs,9113,261,generic binary analysis engine and its contracts,rust,tools/blobray/Cargo.toml,blobray
tools/blobray/src/cli/args.rs,45236,1255,generic binary analysis engine and its contracts,rust,tools/blobray/Cargo.toml,blobray
tools/blobray/src/cli/arguments.rs,40656,1070,generic binary analysis engine and its contracts,rust,tools/blobray/Cargo.toml,blobray
tools/blobray/src/cli/commands/audit_image_targets.rs,2754,92,generic binary analysis engine and its contracts,rust,tools/blobray/Cargo.toml,blobray
tools/blobray/src/cli/commands/code_workspace.rs,10641,337,generic binary analysis engine and its contracts,rust,tools/blobray/Cargo.toml,blobray
tools/blobray/src/cli/commands/discover_mmio.rs,9121,281,generic binary analysis engine and its contracts,rust,tools/blobray/Cargo.toml,blobray
tools/blobray/src/cli/commands/execute_compare.rs,3192,86,generic binary analysis engine and its contracts,rust,tools/blobray/Cargo.toml,blobray
tools/blobray/src/cli/commands/execute_replay.rs,7197,208,generic binary analysis engine and its contracts,rust,tools/blobray/Cargo.toml,blobray
tools/blobray/src/cli/commands/execute_run.rs,16802,525,generic binary analysis engine and its contracts,rust,tools/blobray/Cargo.toml,blobray
tools/blobray/src/cli/commands/export_ir.rs,4511,129,generic binary analysis engine and its contracts,rust,tools/blobray/Cargo.toml,blobray
tools/blobray/src/cli/commands/export_ir/human.rs,4942,138,generic binary analysis engine and its contracts,rust,tools/blobray/Cargo.toml,blobray
tools/blobray/src/cli/commands/export_ir/tests.rs,1853,60,generic binary analysis engine and its contracts,rust,tools/blobray/Cargo.toml,blobray
tools/blobray/src/cli/commands/function_pack.rs,6104,168,generic binary analysis engine and its contracts,rust,tools/blobray/Cargo.toml,blobray
tools/blobray/src/cli/commands/function_pack/report.rs,5669,174,generic binary analysis engine and its contracts,rust,tools/blobray/Cargo.toml,blobray
tools/blobray/src/cli/commands/generate_reference.rs,3537,109,generic binary analysis engine and its contracts,rust,tools/blobray/Cargo.toml,blobray
tools/blobray/src/cli/commands/generate_reference_batch.rs,10648,352,generic binary analysis engine and its contracts,rust,tools/blobray/Cargo.toml,blobray
tools/blobray/src/cli/commands/inspect_analyze.rs,17538,514,generic binary analysis engine and its contracts,rust,tools/blobray/Cargo.toml,blobray
tools/blobray/src/cli/commands/inspect_compare.rs,2313,73,generic binary analysis engine and its contracts,rust,tools/blobray/Cargo.toml,blobray
tools/blobray/src/cli/commands/inspect_flow.rs,23721,657,generic binary analysis engine and its contracts,rust,tools/blobray/Cargo.toml,blobray
tools/blobray/src/cli/commands/inspect_function.rs,12373,357,generic binary analysis engine and its contracts,rust,tools/blobray/Cargo.toml,blobray
tools/blobray/src/cli/commands/inspect_function/calls.rs,8524,250,generic binary analysis engine and its contracts,rust,tools/blobray/Cargo.toml,blobray
tools/blobray/src/cli/commands/inspect_function/document.rs,7841,218,generic binary analysis engine and its contracts,rust,tools/blobray/Cargo.toml,blobray
tools/blobray/src/cli/commands/inspect_function/render.rs,35088,866,generic binary analysis engine and its contracts,rust,tools/blobray/Cargo.toml,blobray
tools/blobray/src/cli/commands/inspect_function/replacement.rs,14070,373,generic binary analysis engine and its contracts,rust,tools/blobray/Cargo.toml,blobray
tools/blobray/src/cli/commands/inspect_object.rs,16332,469,generic binary analysis engine and its contracts,rust,tools/blobray/Cargo.toml,blobray
tools/blobray/src/cli/commands/inspect_register.rs,20131,561,generic binary analysis engine and its contracts,rust,tools/blobray/Cargo.toml,blobray
tools/blobray/src/cli/commands/inspect_scope.rs,12531,360,generic binary analysis engine and its contracts,rust,tools/blobray/Cargo.toml,blobray
tools/blobray/src/cli/commands/inspect_trace.rs,685,21,generic binary analysis engine and its contracts,rust,tools/blobray/Cargo.toml,blobray
tools/blobray/src/cli/commands/interface_discovery.rs,6674,187,generic binary analysis engine and its contracts,rust,tools/blobray/Cargo.toml,blobray
tools/blobray/src/cli/commands/interface_discovery_options.rs,1734,58,generic binary analysis engine and its contracts,rust,tools/blobray/Cargo.toml,blobray
tools/blobray/src/cli/commands/interface_pack.rs,12325,306,generic binary analysis engine and its contracts,rust,tools/blobray/Cargo.toml,blobray
tools/blobray/src/cli/commands/interface_pack/report.rs,16425,454,generic binary analysis engine and its contracts,rust,tools/blobray/Cargo.toml,blobray
tools/blobray/src/cli/commands/ir_build.rs,2427,82,generic binary analysis engine and its contracts,rust,tools/blobray/Cargo.toml,blobray
tools/blobray/src/cli/commands/mod.rs,9275,297,generic binary analysis engine and its contracts,rust,tools/blobray/Cargo.toml,blobray
tools/blobray/src/cli/commands/project_audit_bindings.rs,3769,108,generic binary analysis engine and its contracts,rust,tools/blobray/Cargo.toml,blobray
tools/blobray/src/cli/commands/project_cache.rs,22034,664,generic binary analysis engine and its contracts,rust,tools/blobray/Cargo.toml,blobray
tools/blobray/src/cli/commands/project_check.rs,23465,640,generic binary analysis engine and its contracts,rust,tools/blobray/Cargo.toml,blobray
tools/blobray/src/cli/commands/project_configure.rs,2032,60,generic binary analysis engine and its contracts,rust,tools/blobray/Cargo.toml,blobray
tools/blobray/src/cli/commands/project_doctor.rs,3025,76,generic binary analysis engine and its contracts,rust,tools/blobray/Cargo.toml,blobray
tools/blobray/src/cli/commands/project_doctor/capabilities.rs,10228,247,generic binary analysis engine and its contracts,rust,tools/blobray/Cargo.toml,blobray
tools/blobray/src/cli/commands/project_doctor/code.rs,2669,67,generic binary analysis engine and its contracts,rust,tools/blobray/Cargo.toml,blobray
tools/blobray/src/cli/commands/project_doctor/inputs.rs,3374,90,generic binary analysis engine and its contracts,rust,tools/blobray/Cargo.toml,blobray
tools/blobray/src/cli/commands/project_doctor/interfaces.rs,6071,140,generic binary analysis engine and its contracts,rust,tools/blobray/Cargo.toml,blobray
tools/blobray/src/cli/commands/project_doctor/model.rs,8795,315,generic binary analysis engine and its contracts,rust,tools/blobray/Cargo.toml,blobray
tools/blobray/src/cli/commands/project_doctor/registers.rs,11443,270,generic binary analysis engine and its contracts,rust,tools/blobray/Cargo.toml,blobray
tools/blobray/src/cli/commands/project_doctor/render.rs,8241,242,generic binary analysis engine and its contracts,rust,tools/blobray/Cargo.toml,blobray
tools/blobray/src/cli/commands/project_doctor/revision.rs,4070,99,generic binary analysis engine and its contracts,rust,tools/blobray/Cargo.toml,blobray
tools/blobray/src/cli/commands/project_doctor/verification.rs,1594,38,generic binary analysis engine and its contracts,rust,tools/blobray/Cargo.toml,blobray
tools/blobray/src/cli/commands/project_files.rs,11061,308,generic binary analysis engine and its contracts,rust,tools/blobray/Cargo.toml,blobray
tools/blobray/src/cli/commands/project_function_doctor.rs,7253,208,generic binary analysis engine and its contracts,rust,tools/blobray/Cargo.toml,blobray
tools/blobray/src/cli/commands/project_init.rs,7851,219,generic binary analysis engine and its contracts,rust,tools/blobray/Cargo.toml,blobray
tools/blobray/src/cli/commands/project_init/options.rs,4549,150,generic binary analysis engine and its contracts,rust,tools/blobray/Cargo.toml,blobray
tools/blobray/src/cli/commands/project_init/render.rs,7435,225,generic binary analysis engine and its contracts,rust,tools/blobray/Cargo.toml,blobray
tools/blobray/src/cli/commands/project_init/tests.rs,7312,215,generic binary analysis engine and its contracts,rust,tools/blobray/Cargo.toml,blobray
tools/blobray/src/cli/commands/project_inputs.rs,10995,336,generic binary analysis engine and its contracts,rust,tools/blobray/Cargo.toml,blobray
tools/blobray/src/cli/commands/project_ir_doctor.rs,7534,236,generic binary analysis engine and its contracts,rust,tools/blobray/Cargo.toml,blobray
tools/blobray/src/cli/commands/project_pipeline.rs,1110,33,generic binary analysis engine and its contracts,rust,tools/blobray/Cargo.toml,blobray
tools/blobray/src/cli/commands/project_pipeline/plan.rs,9247,273,generic binary analysis engine and its contracts,rust,tools/blobray/Cargo.toml,blobray
tools/blobray/src/cli/commands/project_pipeline/status.rs,7549,214,generic binary analysis engine and its contracts,rust,tools/blobray/Cargo.toml,blobray
tools/blobray/src/cli/commands/project_publication.rs,2613,91,generic binary analysis engine and its contracts,rust,tools/blobray/Cargo.toml,blobray
tools/blobray/src/cli/commands/project_publication/tests.rs,6479,202,generic binary analysis engine and its contracts,rust,tools/blobray/Cargo.toml,blobray
tools/blobray/src/cli/commands/project_research.rs,52864,1424,generic binary analysis engine and its contracts,rust,tools/blobray/Cargo.toml,blobray
tools/blobray/src/cli/commands/project_revision.rs,13456,373,generic binary analysis engine and its contracts,rust,tools/blobray/Cargo.toml,blobray
tools/blobray/src/cli/commands/project_status.rs,1801,57,generic binary analysis engine and its contracts,rust,tools/blobray/Cargo.toml,blobray
tools/blobray/src/cli/commands/project_status/render.rs,18350,526,generic binary analysis engine and its contracts,rust,tools/blobray/Cargo.toml,blobray
tools/blobray/src/cli/commands/project_status/tests.rs,3745,118,generic binary analysis engine and its contracts,rust,tools/blobray/Cargo.toml,blobray
tools/blobray/src/cli/commands/project_verification.rs,16760,483,generic binary analysis engine and its contracts,rust,tools/blobray/Cargo.toml,blobray
tools/blobray/src/cli/commands/registers.rs,8998,248,generic binary analysis engine and its contracts,rust,tools/blobray/Cargo.toml,blobray
tools/blobray/src/cli/commands/registers/publication.rs,4802,140,generic binary analysis engine and its contracts,rust,tools/blobray/Cargo.toml,blobray
tools/blobray/src/cli/commands/registers/publication/report.rs,3321,128,generic binary analysis engine and its contracts,rust,tools/blobray/Cargo.toml,blobray
tools/blobray/src/cli/commands/registers/report.rs,7715,248,generic binary analysis engine and its contracts,rust,tools/blobray/Cargo.toml,blobray
tools/blobray/src/cli/commands/symbol_correlate.rs,8497,208,generic binary analysis engine and its contracts,rust,tools/blobray/Cargo.toml,blobray
tools/blobray/src/cli/commands/symbol_inventory.rs,11595,335,generic binary analysis engine and its contracts,rust,tools/blobray/Cargo.toml,blobray
tools/blobray/src/cli/commands/symbol_lineage.rs,11257,264,generic binary analysis engine and its contracts,rust,tools/blobray/Cargo.toml,blobray
tools/blobray/src/cli/commands/tooling.rs,2647,86,generic binary analysis engine and its contracts,rust,tools/blobray/Cargo.toml,blobray
tools/blobray/src/cli/commands/verify_evidence.rs,3893,112,generic binary analysis engine and its contracts,rust,tools/blobray/Cargo.toml,blobray
tools/blobray/src/cli/commands/verify_inventory.rs,14173,401,generic binary analysis engine and its contracts,rust,tools/blobray/Cargo.toml,blobray
tools/blobray/src/cli/commands/verify_profiles.rs,6580,212,generic binary analysis engine and its contracts,rust,tools/blobray/Cargo.toml,blobray
tools/blobray/src/cli/commands/verify_source.rs,3981,114,generic binary analysis engine and its contracts,rust,tools/blobray/Cargo.toml,blobray
tools/blobray/src/cli/dispatch.rs,5223,127,generic binary analysis engine and its contracts,rust,tools/blobray/Cargo.toml,blobray
tools/blobray/src/cli/mod.rs,1105,51,generic binary analysis engine and its contracts,rust,tools/blobray/Cargo.toml,blobray
tools/blobray/src/cli/output.rs,6654,240,generic binary analysis engine and its contracts,rust,tools/blobray/Cargo.toml,blobray
tools/blobray/src/cli/progress.rs,6811,168,generic binary analysis engine and its contracts,rust,tools/blobray/Cargo.toml,blobray
tools/blobray/src/cli/render.rs,5439,174,generic binary analysis engine and its contracts,rust,tools/blobray/Cargo.toml,blobray
tools/blobray/src/cli/render/execution.rs,11609,343,generic binary analysis engine and its contracts,rust,tools/blobray/Cargo.toml,blobray
tools/blobray/src/cli/resolver.rs,712,29,generic binary analysis engine and its contracts,rust,tools/blobray/Cargo.toml,blobray
tools/blobray/src/cli/resolver/command.rs,18009,427,generic binary analysis engine and its contracts,rust,tools/blobray/Cargo.toml,blobray
tools/blobray/src/cli/resolver/defaults.rs,14044,337,generic binary analysis engine and its contracts,rust,tools/blobray/Cargo.toml,blobray
tools/blobray/src/cli/resolver/environment.rs,13712,389,generic binary analysis engine and its contracts,rust,tools/blobray/Cargo.toml,blobray
tools/blobray/src/cli/resolver/model.rs,5002,180,generic binary analysis engine and its contracts,rust,tools/blobray/Cargo.toml,blobray
tools/blobray/src/cli/resolver/needs.rs,9680,229,generic binary analysis engine and its contracts,rust,tools/blobray/Cargo.toml,blobray
tools/blobray/src/cli/resolver/register_catalog.rs,415,17,generic binary analysis engine and its contracts,rust,tools/blobray/Cargo.toml,blobray
tools/blobray/src/cli/resolver/tests.rs,24188,717,generic binary analysis engine and its contracts,rust,tools/blobray/Cargo.toml,blobray
tools/blobray/src/cli/table.rs,2832,93,generic binary analysis engine and its contracts,rust,tools/blobray/Cargo.toml,blobray
tools/blobray/src/cli/terminal.rs,1932,64,generic binary analysis engine and its contracts,rust,tools/blobray/Cargo.toml,blobray
tools/blobray/src/cli/ui.rs,6245,205,generic binary analysis engine and its contracts,rust,tools/blobray/Cargo.toml,blobray
tools/blobray/src/cli/values.rs,5925,191,generic binary analysis engine and its contracts,rust,tools/blobray/Cargo.toml,blobray
tools/blobray/src/code_workspace/mod.rs,256,14,generic binary analysis engine and its contracts,rust,tools/blobray/Cargo.toml,blobray
tools/blobray/src/code_workspace/pack.rs,10789,318,generic binary analysis engine and its contracts,rust,tools/blobray/Cargo.toml,blobray
tools/blobray/src/code_workspace/rebase.rs,7523,218,generic binary analysis engine and its contracts,rust,tools/blobray/Cargo.toml,blobray
tools/blobray/src/code_workspace/review.rs,2843,85,generic binary analysis engine and its contracts,rust,tools/blobray/Cargo.toml,blobray
tools/blobray/src/code_workspace/template.rs,3855,101,generic binary analysis engine and its contracts,rust,tools/blobray/Cargo.toml,blobray
tools/blobray/src/code_workspace/tests.rs,10194,291,generic binary analysis engine and its contracts,rust,tools/blobray/Cargo.toml,blobray
tools/blobray/src/digest.rs,2957,98,generic binary analysis engine and its contracts,rust,tools/blobray/Cargo.toml,blobray
tools/blobray/src/ecosystem_pack.rs,14165,396,generic binary analysis engine and its contracts,rust,tools/blobray/Cargo.toml,blobray
tools/blobray/src/error.rs,10469,344,generic binary analysis engine and its contracts,rust,tools/blobray/Cargo.toml,blobray
tools/blobray/src/flow_investigation/cfg.rs,10598,324,generic binary analysis engine and its contracts,rust,tools/blobray/Cargo.toml,blobray
tools/blobray/src/flow_investigation/effects.rs,9749,273,generic binary analysis engine and its contracts,rust,tools/blobray/Cargo.toml,blobray
tools/blobray/src/flow_investigation/event.rs,100683,2712,generic binary analysis engine and its contracts,rust,tools/blobray/Cargo.toml,blobray
tools/blobray/src/flow_investigation/event/replay.rs,10907,299,generic binary analysis engine and its contracts,rust,tools/blobray/Cargo.toml,blobray
tools/blobray/src/flow_investigation/mod.rs,1281,40,generic binary analysis engine and its contracts,rust,tools/blobray/Cargo.toml,blobray
tools/blobray/src/flow_investigation/model.rs,11144,378,generic binary analysis engine and its contracts,rust,tools/blobray/Cargo.toml,blobray
tools/blobray/src/flow_investigation/operation_memory.rs,88805,2416,generic binary analysis engine and its contracts,rust,tools/blobray/Cargo.toml,blobray
tools/blobray/src/flow_investigation/project_graph.rs,11088,334,generic binary analysis engine and its contracts,rust,tools/blobray/Cargo.toml,blobray
tools/blobray/src/flow_investigation/target.rs,14259,408,generic binary analysis engine and its contracts,rust,tools/blobray/Cargo.toml,blobray
tools/blobray/src/flow_investigation/value.rs,6191,202,generic binary analysis engine and its contracts,rust,tools/blobray/Cargo.toml,blobray
tools/blobray/src/function_investigation.rs,52307,1415,generic binary analysis engine and its contracts,rust,tools/blobray/Cargo.toml,blobray
tools/blobray/src/function_investigation/correspondence.rs,16885,484,generic binary analysis engine and its contracts,rust,tools/blobray/Cargo.toml,blobray
tools/blobray/src/function_investigation/model.rs,11797,357,generic binary analysis engine and its contracts,rust,tools/blobray/Cargo.toml,blobray
tools/blobray/src/function_investigation/origin.rs,5772,155,generic binary analysis engine and its contracts,rust,tools/blobray/Cargo.toml,blobray
tools/blobray/src/function_investigation/replacement.rs,18926,587,generic binary analysis engine and its contracts,rust,tools/blobray/Cargo.toml,blobray
tools/blobray/src/function_workspace/call_selection.rs,9396,278,generic binary analysis engine and its contracts,rust,tools/blobray/Cargo.toml,blobray
tools/blobray/src/function_workspace/facts.rs,10288,314,generic binary analysis engine and its contracts,rust,tools/blobray/Cargo.toml,blobray
tools/blobray/src/function_workspace/facts/parse.rs,16580,429,generic binary analysis engine and its contracts,rust,tools/blobray/Cargo.toml,blobray
tools/blobray/src/function_workspace/facts/validate.rs,3155,79,generic binary analysis engine and its contracts,rust,tools/blobray/Cargo.toml,blobray
tools/blobray/src/function_workspace/interface_links.rs,10418,255,generic binary analysis engine and its contracts,rust,tools/blobray/Cargo.toml,blobray
tools/blobray/src/function_workspace/mod.rs,701,26,generic binary analysis engine and its contracts,rust,tools/blobray/Cargo.toml,blobray
tools/blobray/src/function_workspace/pack.rs,16859,508,generic binary analysis engine and its contracts,rust,tools/blobray/Cargo.toml,blobray
tools/blobray/src/function_workspace/pack_parse.rs,35048,784,generic binary analysis engine and its contracts,rust,tools/blobray/Cargo.toml,blobray
tools/blobray/src/function_workspace/pack_validate.rs,45098,1394,generic binary analysis engine and its contracts,rust,tools/blobray/Cargo.toml,blobray
tools/blobray/src/function_workspace/pack_validate/broker_tests.rs,10235,282,generic binary analysis engine and its contracts,rust,tools/blobray/Cargo.toml,blobray
tools/blobray/src/function_workspace/pack_validate/contexts.rs,20885,542,generic binary analysis engine and its contracts,rust,tools/blobray/Cargo.toml,blobray
tools/blobray/src/function_workspace/pack_validate/primitives.rs,1732,53,generic binary analysis engine and its contracts,rust,tools/blobray/Cargo.toml,blobray
tools/blobray/src/function_workspace/pack_validate/types.rs,11970,303,generic binary analysis engine and its contracts,rust,tools/blobray/Cargo.toml,blobray
tools/blobray/src/function_workspace/review.rs,29874,823,generic binary analysis engine and its contracts,rust,tools/blobray/Cargo.toml,blobray
tools/blobray/src/function_workspace/template.rs,1893,56,generic binary analysis engine and its contracts,rust,tools/blobray/Cargo.toml,blobray
tools/blobray/src/function_workspace/tests.rs,29701,847,generic binary analysis engine and its contracts,rust,tools/blobray/Cargo.toml,blobray
tools/blobray/src/function_workspace/validation.rs,6886,233,generic binary analysis engine and its contracts,rust,tools/blobray/Cargo.toml,blobray
tools/blobray/src/harnesses/mod.rs,34127,920,generic binary analysis engine and its contracts,rust,tools/blobray/Cargo.toml,blobray
tools/blobray/src/harnesses/neutral.rs,3097,102,generic binary analysis engine and its contracts,rust,tools/blobray/Cargo.toml,blobray
tools/blobray/src/interfaces/capabilities.rs,24680,710,generic binary analysis engine and its contracts,rust,tools/blobray/Cargo.toml,blobray
tools/blobray/src/interfaces/execution_models.rs,8496,181,generic binary analysis engine and its contracts,rust,tools/blobray/Cargo.toml,blobray
tools/blobray/src/interfaces/facts.rs,5699,183,generic binary analysis engine and its contracts,rust,tools/blobray/Cargo.toml,blobray
tools/blobray/src/interfaces/facts/parse.rs,6907,186,generic binary analysis engine and its contracts,rust,tools/blobray/Cargo.toml,blobray
tools/blobray/src/interfaces/facts/validate.rs,12338,353,generic binary analysis engine and its contracts,rust,tools/blobray/Cargo.toml,blobray
tools/blobray/src/interfaces/mod.rs,570,24,generic binary analysis engine and its contracts,rust,tools/blobray/Cargo.toml,blobray
tools/blobray/src/interfaces/origin_projection.rs,23008,647,generic binary analysis engine and its contracts,rust,tools/blobray/Cargo.toml,blobray
tools/blobray/src/interfaces/pack.rs,33561,853,generic binary analysis engine and its contracts,rust,tools/blobray/Cargo.toml,blobray
tools/blobray/src/interfaces/pack_model.rs,15493,465,generic binary analysis engine and its contracts,rust,tools/blobray/Cargo.toml,blobray
tools/blobray/src/interfaces/pack_parse.rs,20000,517,generic binary analysis engine and its contracts,rust,tools/blobray/Cargo.toml,blobray
tools/blobray/src/interfaces/pack_schema.rs,23396,681,generic binary analysis engine and its contracts,rust,tools/blobray/Cargo.toml,blobray
tools/blobray/src/interfaces/pack_template.rs,2301,81,generic binary analysis engine and its contracts,rust,tools/blobray/Cargo.toml,blobray
tools/blobray/src/interfaces/pack_tests.rs,41470,1274,generic binary analysis engine and its contracts,rust,tools/blobray/Cargo.toml,blobray
tools/blobray/src/interfaces/semantics.rs,9192,248,generic binary analysis engine and its contracts,rust,tools/blobray/Cargo.toml,blobray
tools/blobray/src/interfaces/templates.rs,11648,319,generic binary analysis engine and its contracts,rust,tools/blobray/Cargo.toml,blobray
tools/blobray/src/interfaces/validation.rs,4092,146,generic binary analysis engine and its contracts,rust,tools/blobray/Cargo.toml,blobray
tools/blobray/src/lib.rs,6918,184,generic binary analysis engine and its contracts,rust,tools/blobray/Cargo.toml,blobray
tools/blobray/src/linked_ir_export.rs,30908,867,generic binary analysis engine and its contracts,rust,tools/blobray/Cargo.toml,blobray
tools/blobray/src/linked_ir_export/input.rs,1871,60,generic binary analysis engine and its contracts,rust,tools/blobray/Cargo.toml,blobray
tools/blobray/src/linked_ir_export/pseudo.rs,23164,545,generic binary analysis engine and its contracts,rust,tools/blobray/Cargo.toml,blobray
tools/blobray/src/linked_ir_export/render_common.rs,2476,86,generic binary analysis engine and its contracts,rust,tools/blobray/Cargo.toml,blobray
tools/blobray/src/main.rs,66,3,generic binary analysis engine and its contracts,rust,tools/blobray/Cargo.toml,blobray
tools/blobray/src/memory_map.rs,23938,714,generic binary analysis engine and its contracts,rust,tools/blobray/Cargo.toml,blobray
tools/blobray/src/navigation.rs,211,10,generic binary analysis engine and its contracts,rust,tools/blobray/Cargo.toml,blobray
tools/blobray/src/navigation/build.rs,16688,465,generic binary analysis engine and its contracts,rust,tools/blobray/Cargo.toml,blobray
tools/blobray/src/navigation/inspect.rs,8743,238,generic binary analysis engine and its contracts,rust,tools/blobray/Cargo.toml,blobray
tools/blobray/src/navigation/model.rs,8274,261,generic binary analysis engine and its contracts,rust,tools/blobray/Cargo.toml,blobray
tools/blobray/src/navigation/tests.rs,8528,245,generic binary analysis engine and its contracts,rust,tools/blobray/Cargo.toml,blobray
tools/blobray/src/orchestration/generated_reference.rs,15985,425,generic binary analysis engine and its contracts,rust,tools/blobray/Cargo.toml,blobray
tools/blobray/src/orchestration/mod.rs,98,3,generic binary analysis engine and its contracts,rust,tools/blobray/Cargo.toml,blobray
tools/blobray/src/parse.rs,303,10,generic binary analysis engine and its contracts,rust,tools/blobray/Cargo.toml,blobray
tools/blobray/src/progress.rs,447,12,generic binary analysis engine and its contracts,rust,tools/blobray/Cargo.toml,blobray
tools/blobray/src/project.rs,12079,364,generic binary analysis engine and its contracts,rust,tools/blobray/Cargo.toml,blobray
tools/blobray/src/project/load.rs,52872,1388,generic binary analysis engine and its contracts,rust,tools/blobray/Cargo.toml,blobray
tools/blobray/src/project/load/helpers.rs,9329,315,generic binary analysis engine and its contracts,rust,tools/blobray/Cargo.toml,blobray
tools/blobray/src/project/tests.rs,34751,1018,generic binary analysis engine and its contracts,rust,tools/blobray/Cargo.toml,blobray
tools/blobray/src/project_analysis.rs,6723,219,generic binary analysis engine and its contracts,rust,tools/blobray/Cargo.toml,blobray
tools/blobray/src/project_ir.rs,23348,677,generic binary analysis engine and its contracts,rust,tools/blobray/Cargo.toml,blobray
tools/blobray/src/register_catalog.rs,1448,40,generic binary analysis engine and its contracts,rust,tools/blobray/Cargo.toml,blobray
tools/blobray/src/registers/facts.rs,13797,370,generic binary analysis engine and its contracts,rust,tools/blobray/Cargo.toml,blobray
tools/blobray/src/registers/mod.rs,864,31,generic binary analysis engine and its contracts,rust,tools/blobray/Cargo.toml,blobray
tools/blobray/src/registers/model_import.rs,20796,602,generic binary analysis engine and its contracts,rust,tools/blobray/Cargo.toml,blobray
tools/blobray/src/registers/model_tests.rs,1091,50,generic binary analysis engine and its contracts,rust,tools/blobray/Cargo.toml,blobray
tools/blobray/src/registers/pac.rs,4959,173,generic binary analysis engine and its contracts,rust,tools/blobray/Cargo.toml,blobray
tools/blobray/src/registers/physical.rs,2677,75,generic binary analysis engine and its contracts,rust,tools/blobray/Cargo.toml,blobray
tools/blobray/src/registers/project_validation.rs,9182,303,generic binary analysis engine and its contracts,rust,tools/blobray/Cargo.toml,blobray
tools/blobray/src/registers/publication.rs,4494,142,generic binary analysis engine and its contracts,rust,tools/blobray/Cargo.toml,blobray
tools/blobray/src/registers/review.rs,24448,636,generic binary analysis engine and its contracts,rust,tools/blobray/Cargo.toml,blobray
tools/blobray/src/registers/review_draft.rs,7197,209,generic binary analysis engine and its contracts,rust,tools/blobray/Cargo.toml,blobray
tools/blobray/src/registers/review_ir.rs,10594,280,generic binary analysis engine and its contracts,rust,tools/blobray/Cargo.toml,blobray
tools/blobray/src/registers/review_ir_markdown.rs,5868,146,generic binary analysis engine and its contracts,rust,tools/blobray/Cargo.toml,blobray
tools/blobray/src/registers/review_ir_parse.rs,6072,133,generic binary analysis engine and its contracts,rust,tools/blobray/Cargo.toml,blobray
tools/blobray/src/registers/workspace.rs,26483,758,generic binary analysis engine and its contracts,rust,tools/blobray/Cargo.toml,blobray
tools/blobray/src/resource_usage.rs,2545,76,generic binary analysis engine and its contracts,rust,tools/blobray/Cargo.toml,blobray
tools/blobray/src/review_scopes.rs,45271,1248,generic binary analysis engine and its contracts,rust,tools/blobray/Cargo.toml,blobray
tools/blobray/src/review_scopes/model.rs,7230,198,generic binary analysis engine and its contracts,rust,tools/blobray/Cargo.toml,blobray
tools/blobray/src/review_scopes/queue.rs,5916,185,generic binary analysis engine and its contracts,rust,tools/blobray/Cargo.toml,blobray
tools/blobray/src/run_spec.rs,21505,557,generic binary analysis engine and its contracts,rust,tools/blobray/Cargo.toml,blobray
tools/blobray/src/shell.rs,1119,39,generic binary analysis engine and its contracts,rust,tools/blobray/Cargo.toml,blobray
tools/blobray/src/source_id.rs,1924,72,generic binary analysis engine and its contracts,rust,tools/blobray/Cargo.toml,blobray
tools/blobray/src/symbol_correspondence.rs,123126,3170,generic binary analysis engine and its contracts,rust,tools/blobray/Cargo.toml,blobray
tools/blobray/src/symbol_lineage.rs,54870,1525,generic binary analysis engine and its contracts,rust,tools/blobray/Cargo.toml,blobray
tools/blobray/src/target.rs,11054,315,generic binary analysis engine and its contracts,rust,tools/blobray/Cargo.toml,blobray
tools/blobray/src/test_support/mod.rs,132,5,generic binary analysis engine and its contracts,rust,tools/blobray/Cargo.toml,blobray
tools/blobray/src/test_support/text_disassembly.rs,14013,378,generic binary analysis engine and its contracts,rust,tools/blobray/Cargo.toml,blobray
tools/blobray/src/tests/mod.rs,13165,402,generic binary analysis engine and its contracts,rust,tools/blobray/Cargo.toml,blobray
tools/blobray/src/tests/structural/calls.rs,72737,2170,generic binary analysis engine and its contracts,rust,tools/blobray/Cargo.toml,blobray
tools/blobray/src/tests/structural/composition.rs,25605,784,generic binary analysis engine and its contracts,rust,tools/blobray/Cargo.toml,blobray
tools/blobray/src/tests/structural/control_flow.rs,31140,1012,generic binary analysis engine and its contracts,rust,tools/blobray/Cargo.toml,blobray
tools/blobray/src/tests/structural/fundamentals.rs,45964,1469,generic binary analysis engine and its contracts,rust,tools/blobray/Cargo.toml,blobray
tools/blobray/src/tests/structural/mod.rs,140,6,generic binary analysis engine and its contracts,rust,tools/blobray/Cargo.toml,blobray
tools/blobray/src/tests/verification.rs,4009,116,generic binary analysis engine and its contracts,rust,tools/blobray/Cargo.toml,blobray
tools/blobray/src/tui/mod.rs,147,8,generic binary analysis engine and its contracts,rust,tools/blobray/Cargo.toml,blobray
tools/blobray/src/tui/runtime.rs,5978,174,generic binary analysis engine and its contracts,rust,tools/blobray/Cargo.toml,blobray
tools/blobray/src/tui/state.rs,22155,651,generic binary analysis engine and its contracts,rust,tools/blobray/Cargo.toml,blobray
tools/blobray/src/tui/state/detail.rs,1902,65,generic binary analysis engine and its contracts,rust,tools/blobray/Cargo.toml,blobray
tools/blobray/src/tui/state/filter.rs,6749,152,generic binary analysis engine and its contracts,rust,tools/blobray/Cargo.toml,blobray
tools/blobray/src/tui/state/navigation.rs,5482,125,generic binary analysis engine and its contracts,rust,tools/blobray/Cargo.toml,blobray
tools/blobray/src/tui/view.rs,26626,747,generic binary analysis engine and its contracts,rust,tools/blobray/Cargo.toml,blobray
tools/blobray/src/tui/view/blockers.rs,3012,89,generic binary analysis engine and its contracts,rust,tools/blobray/Cargo.toml,blobray
tools/blobray/src/tui/view/code.rs,3811,111,generic binary analysis engine and its contracts,rust,tools/blobray/Cargo.toml,blobray
tools/blobray/src/tui/view/comparisons.rs,12363,292,generic binary analysis engine and its contracts,rust,tools/blobray/Cargo.toml,blobray
tools/blobray/src/tui/view/functions.rs,27867,602,generic binary analysis engine and its contracts,rust,tools/blobray/Cargo.toml,blobray
tools/blobray/src/tui/view/interfaces.rs,3347,98,generic binary analysis engine and its contracts,rust,tools/blobray/Cargo.toml,blobray
tools/blobray/src/tui/view/policy.rs,3049,85,generic binary analysis engine and its contracts,rust,tools/blobray/Cargo.toml,blobray
tools/blobray/src/tui/view/registers.rs,7311,208,generic binary analysis engine and its contracts,rust,tools/blobray/Cargo.toml,blobray
tools/blobray/src/tui/view/scopes.rs,4013,111,generic binary analysis engine and its contracts,rust,tools/blobray/Cargo.toml,blobray
tools/blobray/src/tui/worker.rs,5283,144,generic binary analysis engine and its contracts,rust,tools/blobray/Cargo.toml,blobray
tools/blobray/src/verification/binding_audit.rs,8160,218,generic binary analysis engine and its contracts,rust,tools/blobray/Cargo.toml,blobray
tools/blobray/src/verification/bindings.rs,4671,159,generic binary analysis engine and its contracts,rust,tools/blobray/Cargo.toml,blobray
tools/blobray/src/verification/dispositions.rs,10297,295,generic binary analysis engine and its contracts,rust,tools/blobray/Cargo.toml,blobray
tools/blobray/src/verification/dispositions/model.rs,10323,290,generic binary analysis engine and its contracts,rust,tools/blobray/Cargo.toml,blobray
tools/blobray/src/verification/engine.rs,29382,693,generic binary analysis engine and its contracts,rust,tools/blobray/Cargo.toml,blobray
tools/blobray/src/verification/engine/execution_profile.rs,4906,142,generic binary analysis engine and its contracts,rust,tools/blobray/Cargo.toml,blobray
tools/blobray/src/verification/engine/model.rs,10626,310,generic binary analysis engine and its contracts,rust,tools/blobray/Cargo.toml,blobray
tools/blobray/src/verification/evidence.rs,8099,244,generic binary analysis engine and its contracts,rust,tools/blobray/Cargo.toml,blobray
tools/blobray/src/verification/evidence/baseline.rs,10064,319,generic binary analysis engine and its contracts,rust,tools/blobray/Cargo.toml,blobray
tools/blobray/src/verification/evidence/identity.rs,5564,179,generic binary analysis engine and its contracts,rust,tools/blobray/Cargo.toml,blobray
tools/blobray/src/verification/evidence/report.rs,8104,247,generic binary analysis engine and its contracts,rust,tools/blobray/Cargo.toml,blobray
tools/blobray/src/verification/execution.rs,38654,1042,generic binary analysis engine and its contracts,rust,tools/blobray/Cargo.toml,blobray
tools/blobray/src/verification/execution/diff.rs,35252,1015,generic binary analysis engine and its contracts,rust,tools/blobray/Cargo.toml,blobray
tools/blobray/src/verification/execution/scenario.rs,21439,579,generic binary analysis engine and its contracts,rust,tools/blobray/Cargo.toml,blobray
tools/blobray/src/verification/execution_report.rs,21501,724,generic binary analysis engine and its contracts,rust,tools/blobray/Cargo.toml,blobray
tools/blobray/src/verification/mod.rs,742,28,generic binary analysis engine and its contracts,rust,tools/blobray/Cargo.toml,blobray
tools/blobray/src/verification/policy.rs,25438,706,generic binary analysis engine and its contracts,rust,tools/blobray/Cargo.toml,blobray
tools/blobray/src/verification/profiles.rs,44103,1247,generic binary analysis engine and its contracts,rust,tools/blobray/Cargo.toml,blobray
tools/blobray/src/verification/profiles/validation.rs,17874,509,generic binary analysis engine and its contracts,rust,tools/blobray/Cargo.toml,blobray
tools/blobray/src/verification/project_report.rs,2866,90,generic binary analysis engine and its contracts,rust,tools/blobray/Cargo.toml,blobray
tools/blobray/src/verification/replacement_graph.rs,16140,443,generic binary analysis engine and its contracts,rust,tools/blobray/Cargo.toml,blobray
tools/blobray/src/verification/report.rs,6503,196,generic binary analysis engine and its contracts,rust,tools/blobray/Cargo.toml,blobray
tools/blobray/src/verification/rust_component_index/compiled.rs,5244,154,generic binary analysis engine and its contracts,rust,tools/blobray/Cargo.toml,blobray
tools/blobray/src/verification/rust_component_index/mod.rs,21192,621,generic binary analysis engine and its contracts,rust,tools/blobray/Cargo.toml,blobray
tools/blobray/src/verification/rust_component_index/model.rs,2714,81,generic binary analysis engine and its contracts,rust,tools/blobray/Cargo.toml,blobray
tools/blobray/src/verification/vendor_evidence_index.rs,12891,333,generic binary analysis engine and its contracts,rust,tools/blobray/Cargo.toml,blobray
tools/blobray/tests/application_contract.rs,4345,120,generic binary analysis engine and its contracts,rust,tools/blobray/Cargo.toml,blobray
tools/blobray/tests/automation_contract.rs,4995,151,generic binary analysis engine and its contracts,rust,tools/blobray/Cargo.toml,blobray
tools/blobray/tests/cache_contract.rs,10988,328,generic binary analysis engine and its contracts,rust,tools/blobray/Cargo.toml,blobray
tools/blobray/tests/cli_contract.rs,111012,3102,generic binary analysis engine and its contracts,rust,tools/blobray/Cargo.toml,blobray
tools/blobray/tests/fixtures/generic-e2e-rv32.hex,1934,30,generic binary analysis engine and its contracts,configuration-or-data,tools/blobray/Cargo.toml,blobray
tools/blobray/tests/fixtures/generic-project/chip.toml,96,5,generic binary analysis engine and its contracts,configuration-or-data,tools/blobray/Cargo.toml,blobray
tools/blobray/tests/fixtures/generic-project/memory.toml,249,15,generic binary analysis engine and its contracts,configuration-or-data,tools/blobray/Cargo.toml,blobray
tools/blobray/tests/fixtures/generic-project/target.toml,177,7,generic binary analysis engine and its contracts,configuration-or-data,tools/blobray/Cargo.toml,blobray
tools/blobray/tests/fixtures/generic-project/vendor-project.toml,91,4,generic binary analysis engine and its contracts,configuration-or-data,tools/blobray/Cargo.toml,blobray
tools/blobray/tests/fixtures/symbols-rv32.hex,1116,24,generic binary analysis engine and its contracts,configuration-or-data,tools/blobray/Cargo.toml,blobray
tools/check-esp32s31-examples.sh,866,29,repository checks and launcher tests,script,,
tools/check-network-adapter-boundaries.sh,187,5,repository checks and launcher tests,script,,
tools/check_network_adapter_boundaries.py,21195,378,repository checks and launcher tests,script,,
tools/memory-report/Cargo.toml,850,25,generic ELF memory analysis,cargo,tools/memory-report/Cargo.toml,open-esp-radio-memory-report
tools/memory-report/README.md,1953,43,generic ELF memory analysis,documentation,tools/memory-report/Cargo.toml,open-esp-radio-memory-report
tools/memory-report/src/analyze.rs,18935,566,generic ELF memory analysis,rust,tools/memory-report/Cargo.toml,open-esp-radio-memory-report
tools/memory-report/src/lib.rs,1334,46,generic ELF memory analysis,rust,tools/memory-report/Cargo.toml,open-esp-radio-memory-report
tools/memory-report/src/main.rs,3591,125,generic ELF memory analysis,rust,tools/memory-report/Cargo.toml,open-esp-radio-memory-report
tools/memory-report/src/policy.rs,5552,197,generic ELF memory analysis,rust,tools/memory-report/Cargo.toml,open-esp-radio-memory-report
tools/memory-report/src/render.rs,8109,251,generic ELF memory analysis,rust,tools/memory-report/Cargo.toml,open-esp-radio-memory-report
tools/memory-report/src/stack.rs,24691,709,generic ELF memory analysis,rust,tools/memory-report/Cargo.toml,open-esp-radio-memory-report
tools/qualification-check/Cargo.toml,479,18,readiness evaluator,cargo,tools/qualification-check/Cargo.toml,open-esp-radio-qualification-check
tools/qualification-check/src/hil.rs,36129,1106,readiness evaluator,rust,tools/qualification-check/Cargo.toml,open-esp-radio-qualification-check
tools/qualification-check/src/main.rs,5415,177,readiness evaluator,rust,tools/qualification-check/Cargo.toml,open-esp-radio-qualification-check
tools/qualification-check/src/model.rs,40121,1263,readiness evaluator,rust,tools/qualification-check/Cargo.toml,open-esp-radio-qualification-check
tools/qualification-check/src/report.rs,8829,266,readiness evaluator,rust,tools/qualification-check/Cargo.toml,open-esp-radio-qualification-check
tools/tests/test_audit_cargo_metadata.py,2763,68,repository checks and launcher tests,script,,
tools/tests/test_network_adapter_boundaries.py,13687,232,repository checks and launcher tests,script,,
tools/tests/test_run_limited.py,5646,154,repository checks and launcher tests,script,,
verification/README.md,1280,34,vendor comparison project inputs,documentation,,
verification/vendor/chips/esp32s31/blobray-provider/contracts/Cargo.toml,430,15,reusable chip facts and provider,cargo,verification/vendor/chips/esp32s31/blobray-provider/contracts/Cargo.toml,open-radio-vendor-chip-contracts-esp32s31-rev0
verification/vendor/chips/esp32s31/blobray-provider/contracts/README.md,664,14,reusable chip facts and provider,documentation,verification/vendor/chips/esp32s31/blobray-provider/contracts/Cargo.toml,open-radio-vendor-chip-contracts-esp32s31-rev0
verification/vendor/chips/esp32s31/blobray-provider/contracts/src/entry_contract.rs,2446,70,reusable chip facts and provider,rust,verification/vendor/chips/esp32s31/blobray-provider/contracts/Cargo.toml,open-radio-vendor-chip-contracts-esp32s31-rev0
verification/vendor/chips/esp32s31/blobray-provider/contracts/src/lib.rs,1285,40,reusable chip facts and provider,rust,verification/vendor/chips/esp32s31/blobray-provider/contracts/Cargo.toml,open-radio-vendor-chip-contracts-esp32s31-rev0
verification/vendor/chips/esp32s31/blobray-provider/knowledge/Cargo.toml,590,17,reusable chip facts and provider,cargo,verification/vendor/chips/esp32s31/blobray-provider/knowledge/Cargo.toml,open-radio-vendor-chip-knowledge-esp32s31-rev0
verification/vendor/chips/esp32s31/blobray-provider/knowledge/README.md,555,11,reusable chip facts and provider,documentation,verification/vendor/chips/esp32s31/blobray-provider/knowledge/Cargo.toml,open-radio-vendor-chip-knowledge-esp32s31-rev0
verification/vendor/chips/esp32s31/blobray-provider/knowledge/src/lib.rs,1310,33,reusable chip facts and provider,rust,verification/vendor/chips/esp32s31/blobray-provider/knowledge/Cargo.toml,open-radio-vendor-chip-knowledge-esp32s31-rev0
verification/vendor/chips/esp32s31/blobray-provider/models/Cargo.toml,843,20,reusable chip facts and provider,cargo,verification/vendor/chips/esp32s31/blobray-provider/models/Cargo.toml,open-radio-vendor-chip-models-esp32s31-rev0
verification/vendor/chips/esp32s31/blobray-provider/models/README.md,851,15,reusable chip facts and provider,documentation,verification/vendor/chips/esp32s31/blobray-provider/models/Cargo.toml,open-radio-vendor-chip-models-esp32s31-rev0
verification/vendor/chips/esp32s31/blobray-provider/models/src/lib.rs,4086,102,reusable chip facts and provider,rust,verification/vendor/chips/esp32s31/blobray-provider/models/Cargo.toml,open-radio-vendor-chip-models-esp32s31-rev0
verification/vendor/chips/esp32s31/chip.toml,374,12,reusable chip facts and provider,configuration-or-data,,
verification/vendor/chips/esp32s31/memory.toml,8118,415,reusable chip facts and provider,configuration-or-data,,
verification/vendor/chips/esp32s31/registers/device.toml,6187,139,reusable chip facts and provider,configuration-or-data,,
verification/vendor/chips/esp32s31/registers/peripherals/ble-controller-address-slots.toml,2493,88,reusable chip facts and provider,configuration-or-data,,
verification/vendor/chips/esp32s31/registers/peripherals/ble-hw-accelerator.toml,15962,565,reusable chip facts and provider,configuration-or-data,,
verification/vendor/chips/esp32s31/registers/peripherals/ble-hw-cte-ring-control.toml,3771,122,reusable chip facts and provider,configuration-or-data,,
verification/vendor/chips/esp32s31/registers/peripherals/ble-hw-positional-word-1874.toml,1313,45,reusable chip facts and provider,configuration-or-data,,
verification/vendor/chips/esp32s31/registers/peripherals/ble-hw-resolving-list.toml,1396,48,reusable chip facts and provider,configuration-or-data,,
verification/vendor/chips/esp32s31/registers/peripherals/ble-hw-runtime-control.toml,6904,249,reusable chip facts and provider,configuration-or-data,,
verification/vendor/chips/esp32s31/registers/peripherals/ble-iso-scheduler-notify.toml,1273,46,reusable chip facts and provider,configuration-or-data,,
verification/vendor/chips/esp32s31/registers/peripherals/ble-phy-init-aux.toml,3012,89,reusable chip facts and provider,configuration-or-data,,
verification/vendor/chips/esp32s31/registers/peripherals/ble-scan-control.toml,2333,92,reusable chip facts and provider,configuration-or-data,,
verification/vendor/chips/esp32s31/registers/peripherals/ble-sync-publication.toml,1747,71,reusable chip facts and provider,configuration-or-data,,
verification/vendor/chips/esp32s31/registers/peripherals/bluetooth-controller-core.toml,72017,2342,reusable chip facts and provider,configuration-or-data,,
verification/vendor/chips/esp32s31/registers/peripherals/bluetooth-interrupt-bank.toml,22048,814,reusable chip facts and provider,configuration-or-data,,
verification/vendor/chips/esp32s31/registers/peripherals/bluetooth-reset-idle-status-0.toml,1281,45,reusable chip facts and provider,configuration-or-data,,
verification/vendor/chips/esp32s31/registers/peripherals/bluetooth-scheduler-interrupt-runtime.toml,4488,132,reusable chip facts and provider,configuration-or-data,,
verification/vendor/chips/esp32s31/registers/peripherals/bt-v3-2-baseband.toml,47645,1776,reusable chip facts and provider,configuration-or-data,,
verification/vendor/chips/esp32s31/registers/peripherals/bt-v3-2-cte.toml,21586,912,reusable chip facts and provider,configuration-or-data,,
verification/vendor/chips/esp32s31/registers/peripherals/btdm-runtime-control.toml,19369,699,reusable chip facts and provider,configuration-or-data,,
verification/vendor/chips/esp32s31/registers/peripherals/btdm-scheduler-table.toml,1899,66,reusable chip facts and provider,configuration-or-data,,
verification/vendor/chips/esp32s31/registers/peripherals/btmac-ble-phy-init.toml,25605,958,reusable chip facts and provider,configuration-or-data,,
verification/vendor/chips/esp32s31/registers/peripherals/coex-hw-timer.toml,4385,155,reusable chip facts and provider,configuration-or-data,,
verification/vendor/chips/esp32s31/registers/peripherals/hp-sys-clkrst-radio.toml,4810,190,reusable chip facts and provider,configuration-or-data,,
verification/vendor/chips/esp32s31/registers/peripherals/i2c-ana-mst.toml,7260,318,reusable chip facts and provider,configuration-or-data,,
verification/vendor/chips/esp32s31/registers/peripherals/ieee802154-interrupt-route.toml,3724,130,reusable chip facts and provider,configuration-or-data,,
verification/vendor/chips/esp32s31/registers/peripherals/ieee802154-mac.toml,47634,1854,reusable chip facts and provider,configuration-or-data,,
verification/vendor/chips/esp32s31/registers/peripherals/lp-aon-clkrst.toml,1188,42,reusable chip facts and provider,configuration-or-data,,
verification/vendor/chips/esp32s31/registers/peripherals/lp-periclkrst.toml,1509,55,reusable chip facts and provider,configuration-or-data,,
verification/vendor/chips/esp32s31/registers/peripherals/lp-tsens.toml,5311,203,reusable chip facts and provider,configuration-or-data,,
verification/vendor/chips/esp32s31/registers/peripherals/modem-lpcon-phy-tick.toml,1278,42,reusable chip facts and provider,configuration-or-data,,
verification/vendor/chips/esp32s31/registers/peripherals/modem-lpcon-shared-clock.toml,6122,214,reusable chip facts and provider,configuration-or-data,,
verification/vendor/chips/esp32s31/registers/peripherals/modem-syscon-radio.toml,10698,397,reusable chip facts and provider,configuration-or-data,,
verification/vendor/chips/esp32s31/registers/peripherals/phy-agc-oracle.toml,33140,1246,reusable chip facts and provider,configuration-or-data,,
verification/vendor/chips/esp32s31/registers/peripherals/phy-agc-recovered-gaps.toml,4943,175,reusable chip facts and provider,configuration-or-data,,
verification/vendor/chips/esp32s31/registers/peripherals/phy-baseband-config-oracle.toml,58906,2269,reusable chip facts and provider,configuration-or-data,,
verification/vendor/chips/esp32s31/registers/peripherals/phy-bb-recovered-gaps.toml,2819,102,reusable chip facts and provider,configuration-or-data,,
verification/vendor/chips/esp32s31/registers/peripherals/phy-brx-recovered-gaps.toml,749,29,reusable chip facts and provider,configuration-or-data,,
verification/vendor/chips/esp32s31/registers/peripherals/phy-btagc-recovered.toml,57741,2201,reusable chip facts and provider,configuration-or-data,,
verification/vendor/chips/esp32s31/registers/peripherals/phy-clock-oracle.toml,6469,251,reusable chip facts and provider,configuration-or-data,,
verification/vendor/chips/esp32s31/registers/peripherals/phy-cold-deadline-oracle.toml,1270,45,reusable chip facts and provider,configuration-or-data,,
verification/vendor/chips/esp32s31/registers/peripherals/phy-fecoex-recovered.toml,1958,63,reusable chip facts and provider,configuration-or-data,,
verification/vendor/chips/esp32s31/registers/peripherals/phy-fectrl-recovered.toml,1953,68,reusable chip facts and provider,configuration-or-data,,
verification/vendor/chips/esp32s31/registers/peripherals/phy-fedata-recovered.toml,1072,42,reusable chip facts and provider,configuration-or-data,,
verification/vendor/chips/esp32s31/registers/peripherals/phy-fedata-wifi-recovered.toml,1532,55,reusable chip facts and provider,configuration-or-data,,
verification/vendor/chips/esp32s31/registers/peripherals/phy-frequency-channel-oracle.toml,20199,732,reusable chip facts and provider,configuration-or-data,,
verification/vendor/chips/esp32s31/registers/peripherals/phy-i2c-command-ram.toml,3384,122,reusable chip facts and provider,configuration-or-data,,
verification/vendor/chips/esp32s31/registers/peripherals/phy-iq-estimator-oracle.toml,9576,371,reusable chip facts and provider,configuration-or-data,,
verification/vendor/chips/esp32s31/registers/peripherals/phy-memory.toml,6263,265,reusable chip facts and provider,configuration-or-data,,
verification/vendor/chips/esp32s31/registers/peripherals/phy-nrx-recovered-gaps.toml,2824,99,reusable chip facts and provider,configuration-or-data,,
verification/vendor/chips/esp32s31/registers/peripherals/phy-pbus.toml,11250,415,reusable chip facts and provider,configuration-or-data,,
verification/vendor/chips/esp32s31/registers/peripherals/phy-rx-dco-oracle.toml,1384,57,reusable chip facts and provider,configuration-or-data,,
verification/vendor/chips/esp32s31/registers/peripherals/pmu-radio.toml,8441,283,reusable chip facts and provider,configuration-or-data,,
verification/vendor/chips/esp32s31/registers/peripherals/shared-baseband-reset-idle-status.toml,1312,45,reusable chip facts and provider,configuration-or-data,,
verification/vendor/chips/esp32s31/registers/peripherals/shared-baseband-tx-timing.toml,1508,50,reusable chip facts and provider,configuration-or-data,,
verification/vendor/chips/esp32s31/registers/peripherals/shared-radio-init-control.toml,2080,65,reusable chip facts and provider,configuration-or-data,,
verification/vendor/chips/esp32s31/registers/peripherals/wifi-mac-antenna-init.toml,3618,126,reusable chip facts and provider,configuration-or-data,,
verification/vendor/chips/esp32s31/registers/peripherals/wifi-mac-aux-tsf-control.toml,2578,101,reusable chip facts and provider,configuration-or-data,,
verification/vendor/chips/esp32s31/registers/peripherals/wifi-mac-beacon-ie-crc.toml,587,26,reusable chip facts and provider,configuration-or-data,,
verification/vendor/chips/esp32s31/registers/peripherals/wifi-mac-beamforming-feedback-test.toml,2487,65,reusable chip facts and provider,configuration-or-data,,
verification/vendor/chips/esp32s31/registers/peripherals/wifi-mac-beamforming-report.toml,1033,33,reusable chip facts and provider,configuration-or-data,,
verification/vendor/chips/esp32s31/registers/peripherals/wifi-mac-bssid-policy.toml,3938,147,reusable chip facts and provider,configuration-or-data,,
verification/vendor/chips/esp32s31/registers/peripherals/wifi-mac-coex-init.toml,6733,288,reusable chip facts and provider,configuration-or-data,,
verification/vendor/chips/esp32s31/registers/peripherals/wifi-mac-coex-runtime.toml,3430,121,reusable chip facts and provider,configuration-or-data,,
verification/vendor/chips/esp32s31/registers/peripherals/wifi-mac-cold-handshake.toml,3682,145,reusable chip facts and provider,configuration-or-data,,
verification/vendor/chips/esp32s31/registers/peripherals/wifi-mac-control.toml,3088,104,reusable chip facts and provider,configuration-or-data,,
verification/vendor/chips/esp32s31/registers/peripherals/wifi-mac-core-enable.toml,2196,70,reusable chip facts and provider,configuration-or-data,,
verification/vendor/chips/esp32s31/registers/peripherals/wifi-mac-crypto-control.toml,7957,311,reusable chip facts and provider,configuration-or-data,,
verification/vendor/chips/esp32s31/registers/peripherals/wifi-mac-diagnostic-statistics.toml,3372,182,reusable chip facts and provider,configuration-or-data,,
verification/vendor/chips/esp32s31/registers/peripherals/wifi-mac-he-buffer-status.toml,8995,239,reusable chip facts and provider,configuration-or-data,,
verification/vendor/chips/esp32s31/registers/peripherals/wifi-mac-he-color-collision.toml,1110,44,reusable chip facts and provider,configuration-or-data,,
verification/vendor/chips/esp32s31/registers/peripherals/wifi-mac-he-init-prefix.toml,13230,499,reusable chip facts and provider,configuration-or-data,,
verification/vendor/chips/esp32s31/registers/peripherals/wifi-mac-he-init-suffix.toml,30219,1078,reusable chip facts and provider,configuration-or-data,,
verification/vendor/chips/esp32s31/registers/peripherals/wifi-mac-he-mu-edca-timer.toml,1680,65,reusable chip facts and provider,configuration-or-data,,
verification/vendor/chips/esp32s31/registers/peripherals/wifi-mac-he-obss-narrow-band-ru.toml,1668,55,reusable chip facts and provider,configuration-or-data,,
verification/vendor/chips/esp32s31/registers/peripherals/wifi-mac-he-tb-diagnostics.toml,3771,175,reusable chip facts and provider,configuration-or-data,,
verification/vendor/chips/esp32s31/registers/peripherals/wifi-mac-he-tb-statistics.toml,1918,68,reusable chip facts and provider,configuration-or-data,,
verification/vendor/chips/esp32s31/registers/peripherals/wifi-mac-he-trigger-rx-diagnostics.toml,9209,473,reusable chip facts and provider,configuration-or-data,,
verification/vendor/chips/esp32s31/registers/peripherals/wifi-mac-interface-address.toml,2324,97,reusable chip facts and provider,configuration-or-data,,
verification/vendor/chips/esp32s31/registers/peripherals/wifi-mac-internal-tx-block-ack.toml,2090,82,reusable chip facts and provider,configuration-or-data,,
verification/vendor/chips/esp32s31/registers/peripherals/wifi-mac-interrupt.toml,21101,710,reusable chip facts and provider,configuration-or-data,,
verification/vendor/chips/esp32s31/registers/peripherals/wifi-mac-key-table.toml,2039,44,reusable chip facts and provider,configuration-or-data,,
verification/vendor/chips/esp32s31/registers/peripherals/wifi-mac-last-rx-buffer.toml,3589,147,reusable chip facts and provider,configuration-or-data,,
verification/vendor/chips/esp32s31/registers/peripherals/wifi-mac-power-interrupt.toml,11290,419,reusable chip facts and provider,configuration-or-data,,
verification/vendor/chips/esp32s31/registers/peripherals/wifi-mac-regdma-control.toml,3452,116,reusable chip facts and provider,configuration-or-data,,
verification/vendor/chips/esp32s31/registers/peripherals/wifi-mac-rtc-timer-update.toml,13487,472,reusable chip facts and provider,configuration-or-data,,
verification/vendor/chips/esp32s31/registers/peripherals/wifi-mac-rx-bssid-list.toml,1320,54,reusable chip facts and provider,configuration-or-data,,
verification/vendor/chips/esp32s31/registers/peripherals/wifi-mac-rx-csi-control.toml,2690,94,reusable chip facts and provider,configuration-or-data,,
verification/vendor/chips/esp32s31/registers/peripherals/wifi-mac-rx-custom-type.toml,1437,71,reusable chip facts and provider,configuration-or-data,,
verification/vendor/chips/esp32s31/registers/peripherals/wifi-mac-rx-dma.toml,59441,2346,reusable chip facts and provider,configuration-or-data,,
verification/vendor/chips/esp32s31/registers/peripherals/wifi-mac-rx-end-state.toml,1027,39,reusable chip facts and provider,configuration-or-data,,
verification/vendor/chips/esp32s31/registers/peripherals/wifi-mac-rx-filter.toml,6636,263,reusable chip facts and provider,configuration-or-data,,
verification/vendor/chips/esp32s31/registers/peripherals/wifi-mac-rx-hang-statistics.toml,1744,67,reusable chip facts and provider,configuration-or-data,,
verification/vendor/chips/esp32s31/registers/peripherals/wifi-mac-rx-power-save.toml,2608,102,reusable chip facts and provider,configuration-or-data,,
verification/vendor/chips/esp32s31/registers/peripherals/wifi-mac-rx-runtime-results.toml,1919,76,reusable chip facts and provider,configuration-or-data,,
verification/vendor/chips/esp32s31/registers/peripherals/wifi-mac-rx-statistics.toml,9528,499,reusable chip facts and provider,configuration-or-data,,
verification/vendor/chips/esp32s31/registers/peripherals/wifi-mac-sta-beacon-filter.toml,1108,38,reusable chip facts and provider,configuration-or-data,,
verification/vendor/chips/esp32s31/registers/peripherals/wifi-mac-sta-tbtt-target.toml,970,34,reusable chip facts and provider,configuration-or-data,,
verification/vendor/chips/esp32s31/registers/peripherals/wifi-mac-sta-tsf-load.toml,5590,218,reusable chip facts and provider,configuration-or-data,,
verification/vendor/chips/esp32s31/registers/peripherals/wifi-mac-tsf-status.toml,1458,55,reusable chip facts and provider,configuration-or-data,,
verification/vendor/chips/esp32s31/registers/peripherals/wifi-mac-tsf-timer.toml,2928,95,reusable chip facts and provider,configuration-or-data,,
verification/vendor/chips/esp32s31/registers/peripherals/wifi-mac-tx-common.toml,7499,332,reusable chip facts and provider,configuration-or-data,,
verification/vendor/chips/esp32s31/registers/peripherals/wifi-mac-tx-completion.toml,5086,179,reusable chip facts and provider,configuration-or-data,,
verification/vendor/chips/esp32s31/registers/peripherals/wifi-mac-tx-power-init.toml,5477,215,reusable chip facts and provider,configuration-or-data,,
verification/vendor/chips/esp32s31/registers/peripherals/wifi-mac-tx-queue-control.toml,11205,319,reusable chip facts and provider,configuration-or-data,,
verification/vendor/chips/esp32s31/registers/peripherals/wifi-mac-tx-queue-vector.toml,35173,1118,reusable chip facts and provider,configuration-or-data,,
verification/vendor/chips/esp32s31/registers/peripherals/wifi-mac-tx-statistics.toml,1564,66,reusable chip facts and provider,configuration-or-data,,
verification/vendor/chips/esp32s31/registers/peripherals/wifi-mac-txrx-callbacks.toml,10387,442,reusable chip facts and provider,configuration-or-data,,
verification/vendor/chips/esp32s31/registers/peripherals/wifi-mac-txrx-prefix.toml,6122,251,reusable chip facts and provider,configuration-or-data,,
verification/vendor/chips/esp32s31/registers/peripherals/wifi-mac-txrx-suffix.toml,3189,123,reusable chip facts and provider,configuration-or-data,,
verification/vendor/chips/esp32s31/registers/peripherals/zbbb-radio-control.toml,12197,426,reusable chip facts and provider,configuration-or-data,,
verification/vendor/knowledge/espressif/capabilities.toml,2241,84,vendor comparison project inputs,configuration-or-data,,
verification/vendor/knowledge/espressif/esp-idf.toml,22251,714,vendor comparison project inputs,configuration-or-data,,
verification/vendor/knowledge/espressif/interface-templates.toml,12163,104,vendor comparison project inputs,configuration-or-data,,
verification/vendor/knowledge/espressif/radio.toml,467,14,vendor comparison project inputs,configuration-or-data,,
verification/vendor/targets/esp32c5/.gitignore,95,3,vendor comparison project inputs,configuration-or-data,,
verification/vendor/targets/esp32c5/README.md,489,10,vendor comparison project inputs,documentation,,
verification/vendor/targets/esp32c5/target.toml,342,9,vendor comparison project inputs,configuration-or-data,,
verification/vendor/targets/esp32c5/vendor-project.toml,688,24,vendor comparison project inputs,configuration-or-data,,
verification/vendor/targets/esp32s31/.gitignore,90,3,vendor comparison project inputs,configuration-or-data,,
verification/vendor/targets/esp32s31/README.md,17352,306,vendor comparison project inputs,documentation,,
verification/vendor/targets/esp32s31/analysis/bluetooth-controller-boundary.md,44728,420,vendor comparison project inputs,documentation,,
verification/vendor/targets/esp32s31/analysis/bluetooth-direct-test-mode.md,89487,1134,vendor comparison project inputs,documentation,,
verification/vendor/targets/esp32s31/analysis/bluetooth-interrupt-runtime.md,21519,308,vendor comparison project inputs,documentation,,
verification/vendor/targets/esp32s31/analysis/bluetooth-legacy-advertising.md,16021,267,vendor comparison project inputs,documentation,,
verification/vendor/targets/esp32s31/analysis/bluetooth-passive-scanning.md,24814,415,vendor comparison project inputs,documentation,,
verification/vendor/targets/esp32s31/analysis/bluetooth-peripheral-connection.md,25558,413,vendor comparison project inputs,documentation,,
verification/vendor/targets/esp32s31/analysis/ieee802154-control.md,24141,345,vendor comparison project inputs,documentation,,
verification/vendor/targets/esp32s31/analysis/ieee802154-dataplane.md,17097,241,vendor comparison project inputs,documentation,,
verification/vendor/targets/esp32s31/analysis/ieee802154-lifecycle.md,39225,519,vendor comparison project inputs,documentation,,
verification/vendor/targets/esp32s31/baselines/ble-interrupt-prefix.toml,885,16,vendor comparison project inputs,configuration-or-data,,
verification/vendor/targets/esp32s31/baselines/ble-memory-list-selector-one.toml,1779,31,vendor comparison project inputs,configuration-or-data,,
verification/vendor/targets/esp32s31/baselines/ble-memory-list-selector-three.toml,1783,31,vendor comparison project inputs,configuration-or-data,,
verification/vendor/targets/esp32s31/baselines/ble-memory-list-selector-two.toml,1779,31,vendor comparison project inputs,configuration-or-data,,
verification/vendor/targets/esp32s31/baselines/ble-phy-register-init.toml,882,16,vendor comparison project inputs,configuration-or-data,,
verification/vendor/targets/esp32s31/baselines/ble-scheduler-table-prefix.toml,890,16,vendor comparison project inputs,configuration-or-data,,
verification/vendor/targets/esp32s31/baselines/btbb-v2-init-arg-one.toml,860,16,vendor comparison project inputs,configuration-or-data,,
verification/vendor/targets/esp32s31/baselines/coex-core.toml,4188,76,vendor comparison project inputs,configuration-or-data,,
verification/vendor/targets/esp32s31/baselines/coex-timer-set.toml,842,16,vendor comparison project inputs,configuration-or-data,,
verification/vendor/targets/esp32s31/baselines/coex-timer.toml,3357,61,vendor comparison project inputs,configuration-or-data,,
verification/vendor/targets/esp32s31/baselines/libpp-rx-dma.toml,4195,76,vendor comparison project inputs,configuration-or-data,,
verification/vendor/targets/esp32s31/baselines/libpp-tx-dma.toml,5876,106,vendor comparison project inputs,configuration-or-data,,
verification/vendor/targets/esp32s31/baselines/libpp-tx-retry.toml,1721,31,vendor comparison project inputs,configuration-or-data,,
verification/vendor/targets/esp32s31/baselines/phy-i2c-host-map-bluetooth.toml,867,16,vendor comparison project inputs,configuration-or-data,,
verification/vendor/targets/esp32s31/baselines/phy.toml,36393,851,vendor comparison project inputs,configuration-or-data,,
verification/vendor/targets/esp32s31/baselines/rom-sta-tsf-snapshot.toml,841,16,vendor comparison project inputs,configuration-or-data,,
verification/vendor/targets/esp32s31/baselines/wifi-ap-tsf-start.toml,843,16,vendor comparison project inputs,configuration-or-data,,
verification/vendor/targets/esp32s31/baselines/wifi-ap-tsf-stop.toml,846,16,vendor comparison project inputs,configuration-or-data,,
verification/vendor/targets/esp32s31/baselines/wifi-interface-context.toml,1680,31,vendor comparison project inputs,configuration-or-data,,
verification/vendor/targets/esp32s31/baselines/wifi-sta-ap-receive.toml,867,16,vendor comparison project inputs,configuration-or-data,,
verification/vendor/targets/esp32s31/baselines/wifi-sta-beacon-filter.toml,880,16,vendor comparison project inputs,configuration-or-data,,
verification/vendor/targets/esp32s31/blobray-host/Cargo.toml,895,28,chip project CLI composition,cargo,verification/vendor/targets/esp32s31/blobray-host/Cargo.toml,blobray-esp32s31
verification/vendor/targets/esp32s31/blobray-host/src/main.rs,4736,123,chip project CLI composition,rust,verification/vendor/targets/esp32s31/blobray-host/Cargo.toml,blobray-esp32s31
verification/vendor/targets/esp32s31/blobray-host/tests/analysis_input_builder/mod.rs,4253,139,chip project CLI composition,rust,verification/vendor/targets/esp32s31/blobray-host/Cargo.toml,blobray-esp32s31
verification/vendor/targets/esp32s31/blobray-host/tests/cli_contract.rs,28689,829,chip project CLI composition,rust,verification/vendor/targets/esp32s31/blobray-host/Cargo.toml,blobray-esp32s31
verification/vendor/targets/esp32s31/blobray-host/tests/repository_contract.rs,25933,716,chip project CLI composition,rust,verification/vendor/targets/esp32s31/blobray-host/Cargo.toml,blobray-esp32s31
verification/vendor/targets/esp32s31/blobray-host/tests/support/mod.rs,2968,78,chip project CLI composition,rust,verification/vendor/targets/esp32s31/blobray-host/Cargo.toml,blobray-esp32s31
verification/vendor/targets/esp32s31/blobray-provider/OWNERSHIP.md,7758,100,investigation-specific compiled provider,documentation,,
verification/vendor/targets/esp32s31/blobray-provider/contracts/Cargo.toml,549,16,investigation-specific compiled provider,cargo,verification/vendor/targets/esp32s31/blobray-provider/contracts/Cargo.toml,open-radio-vendor-harness-esp32s31
verification/vendor/targets/esp32s31/blobray-provider/contracts/README.md,611,11,investigation-specific compiled provider,documentation,verification/vendor/targets/esp32s31/blobray-provider/contracts/Cargo.toml,open-radio-vendor-harness-esp32s31
verification/vendor/targets/esp32s31/blobray-provider/contracts/src/entry_contract.rs,4123,126,investigation-specific compiled provider,rust,verification/vendor/targets/esp32s31/blobray-provider/contracts/Cargo.toml,open-radio-vendor-harness-esp32s31
verification/vendor/targets/esp32s31/blobray-provider/contracts/src/external_abi/mod.rs,13832,450,investigation-specific compiled provider,rust,verification/vendor/targets/esp32s31/blobray-provider/contracts/Cargo.toml,open-radio-vendor-harness-esp32s31
verification/vendor/targets/esp32s31/blobray-provider/contracts/src/external_abi/tests.rs,6267,230,investigation-specific compiled provider,rust,verification/vendor/targets/esp32s31/blobray-provider/contracts/Cargo.toml,open-radio-vendor-harness-esp32s31
verification/vendor/targets/esp32s31/blobray-provider/contracts/src/lib.rs,6297,175,investigation-specific compiled provider,rust,verification/vendor/targets/esp32s31/blobray-provider/contracts/Cargo.toml,open-radio-vendor-harness-esp32s31
verification/vendor/targets/esp32s31/blobray-provider/knowledge/Cargo.toml,598,17,investigation-specific compiled provider,cargo,verification/vendor/targets/esp32s31/blobray-provider/knowledge/Cargo.toml,open-radio-vendor-knowledge-esp32s31
verification/vendor/targets/esp32s31/blobray-provider/knowledge/README.md,802,15,investigation-specific compiled provider,documentation,verification/vendor/targets/esp32s31/blobray-provider/knowledge/Cargo.toml,open-radio-vendor-knowledge-esp32s31
verification/vendor/targets/esp32s31/blobray-provider/knowledge/src/lib.rs,570,13,investigation-specific compiled provider,rust,verification/vendor/targets/esp32s31/blobray-provider/knowledge/Cargo.toml,open-radio-vendor-knowledge-esp32s31
verification/vendor/targets/esp32s31/blobray-provider/knowledge/src/reviewed_memory_accesses.rs,4472,142,investigation-specific compiled provider,rust,verification/vendor/targets/esp32s31/blobray-provider/knowledge/Cargo.toml,open-radio-vendor-knowledge-esp32s31
verification/vendor/targets/esp32s31/blobray-provider/knowledge/src/semantic_facts.rs,1283,35,investigation-specific compiled provider,rust,verification/vendor/targets/esp32s31/blobray-provider/knowledge/Cargo.toml,open-radio-vendor-knowledge-esp32s31
verification/vendor/targets/esp32s31/blobray-provider/models/Cargo.toml,884,21,investigation-specific compiled provider,cargo,verification/vendor/targets/esp32s31/blobray-provider/models/Cargo.toml,open-radio-vendor-models-esp32s31
verification/vendor/targets/esp32s31/blobray-provider/models/README.md,1853,35,investigation-specific compiled provider,documentation,verification/vendor/targets/esp32s31/blobray-provider/models/Cargo.toml,open-radio-vendor-models-esp32s31
verification/vendor/targets/esp32s31/blobray-provider/models/src/lib.rs,3417,68,investigation-specific compiled provider,rust,verification/vendor/targets/esp32s31/blobray-provider/models/Cargo.toml,open-radio-vendor-models-esp32s31
verification/vendor/targets/esp32s31/blobray-provider/models/src/reviewed_summaries.rs,3357,99,investigation-specific compiled provider,rust,verification/vendor/targets/esp32s31/blobray-provider/models/Cargo.toml,open-radio-vendor-models-esp32s31
verification/vendor/targets/esp32s31/blobray-provider/models/src/reviewed_summaries/body_identity.rs,1187,31,investigation-specific compiled provider,rust,verification/vendor/targets/esp32s31/blobray-provider/models/Cargo.toml,open-radio-vendor-models-esp32s31
verification/vendor/targets/esp32s31/blobray-provider/models/src/reviewed_summaries/direct_semantic.rs,5095,90,investigation-specific compiled provider,rust,verification/vendor/targets/esp32s31/blobray-provider/models/Cargo.toml,open-radio-vendor-models-esp32s31
verification/vendor/targets/esp32s31/blobray-provider/models/src/reviewed_summaries/fail_stop.rs,2515,71,investigation-specific compiled provider,rust,verification/vendor/targets/esp32s31/blobray-provider/models/Cargo.toml,open-radio-vendor-models-esp32s31
verification/vendor/targets/esp32s31/blobray-provider/models/src/reviewed_summaries/i2c.rs,11658,312,investigation-specific compiled provider,rust,verification/vendor/targets/esp32s31/blobray-provider/models/Cargo.toml,open-radio-vendor-models-esp32s31
verification/vendor/targets/esp32s31/blobray-provider/models/src/reviewed_summaries/intrinsics.rs,993,31,investigation-specific compiled provider,rust,verification/vendor/targets/esp32s31/blobray-provider/models/Cargo.toml,open-radio-vendor-models-esp32s31
verification/vendor/targets/esp32s31/blobray-provider/models/src/reviewed_summaries/rf.rs,14851,407,investigation-specific compiled provider,rust,verification/vendor/targets/esp32s31/blobray-provider/models/Cargo.toml,open-radio-vendor-models-esp32s31
verification/vendor/targets/esp32s31/blobray-provider/models/src/reviewed_summaries/tests.rs,13028,368,investigation-specific compiled provider,rust,verification/vendor/targets/esp32s31/blobray-provider/models/Cargo.toml,open-radio-vendor-models-esp32s31
verification/vendor/targets/esp32s31/build-analysis-inputs,2152,60,vendor comparison project inputs,script,,
verification/vendor/targets/esp32s31/code/boundaries.toml,6195,204,vendor comparison project inputs,configuration-or-data,,
verification/vendor/targets/esp32s31/dispositions/ble-interrupt-prefix.toml,1408,33,vendor comparison project inputs,configuration-or-data,,
verification/vendor/targets/esp32s31/dispositions/ble-memory-list-selector-one.toml,1793,47,vendor comparison project inputs,configuration-or-data,,
verification/vendor/targets/esp32s31/dispositions/ble-memory-list-selector-three.toml,1793,47,vendor comparison project inputs,configuration-or-data,,
verification/vendor/targets/esp32s31/dispositions/ble-memory-list-selector-two.toml,1793,47,vendor comparison project inputs,configuration-or-data,,
verification/vendor/targets/esp32s31/dispositions/ble-phy-register-init.toml,6889,163,vendor comparison project inputs,configuration-or-data,,
verification/vendor/targets/esp32s31/dispositions/ble-scheduler-table-prefix.toml,4884,117,vendor comparison project inputs,configuration-or-data,,
verification/vendor/targets/esp32s31/dispositions/btbb-v2-init-arg-one.toml,16791,399,vendor comparison project inputs,configuration-or-data,,
verification/vendor/targets/esp32s31/dispositions/coex-core.toml,9211,234,vendor comparison project inputs,configuration-or-data,,
verification/vendor/targets/esp32s31/dispositions/coex-timer-set.toml,1268,33,vendor comparison project inputs,configuration-or-data,,
verification/vendor/targets/esp32s31/dispositions/coex-timer.toml,3244,89,vendor comparison project inputs,configuration-or-data,,
verification/vendor/targets/esp32s31/dispositions/ieee802154.toml,996,31,vendor comparison project inputs,configuration-or-data,,
verification/vendor/targets/esp32s31/dispositions/libpp-interrupt.toml,1760,48,vendor comparison project inputs,configuration-or-data,,
verification/vendor/targets/esp32s31/dispositions/libpp-power-interrupt.toml,1496,39,vendor comparison project inputs,configuration-or-data,,
verification/vendor/targets/esp32s31/dispositions/libpp-rx-dma.toml,3232,91,vendor comparison project inputs,configuration-or-data,,
verification/vendor/targets/esp32s31/dispositions/libpp-tx-dma.toml,12067,312,vendor comparison project inputs,configuration-or-data,,
verification/vendor/targets/esp32s31/dispositions/libpp-tx-retry.toml,2909,68,vendor comparison project inputs,configuration-or-data,,
verification/vendor/targets/esp32s31/dispositions/phy-i2c-host-map-bluetooth.toml,1040,28,vendor comparison project inputs,configuration-or-data,,
verification/vendor/targets/esp32s31/dispositions/phy.toml,6631,215,vendor comparison project inputs,configuration-or-data,,
verification/vendor/targets/esp32s31/dispositions/rom-sta-tsf-snapshot.toml,1105,29,vendor comparison project inputs,configuration-or-data,,
verification/vendor/targets/esp32s31/dispositions/wifi-ap-tsf-start.toml,1234,33,vendor comparison project inputs,configuration-or-data,,
verification/vendor/targets/esp32s31/dispositions/wifi-ap-tsf-stop.toml,711,21,vendor comparison project inputs,configuration-or-data,,
verification/vendor/targets/esp32s31/dispositions/wifi-interface-context.toml,2374,65,vendor comparison project inputs,configuration-or-data,,
verification/vendor/targets/esp32s31/dispositions/wifi-sta-ap-receive.toml,2740,67,vendor comparison project inputs,configuration-or-data,,
verification/vendor/targets/esp32s31/dispositions/wifi-sta-beacon-filter.toml,1012,27,vendor comparison project inputs,configuration-or-data,,
verification/vendor/targets/esp32s31/evidence/vendor-evidence.json,280022,7510,vendor comparison project inputs,configuration-or-data,,
verification/vendor/targets/esp32s31/functions/reviewed.toml,47919,1362,vendor comparison project inputs,configuration-or-data,,
verification/vendor/targets/esp32s31/interfaces/reviewed.toml,26711,880,vendor comparison project inputs,configuration-or-data,,
verification/vendor/targets/esp32s31/local.example.toml,5003,195,vendor comparison project inputs,configuration-or-data,,
verification/vendor/targets/esp32s31/probes/Cargo.lock,42845,1691,compiled production comparison probes,cargo,,
verification/vendor/targets/esp32s31/probes/Cargo.toml,2510,53,compiled production comparison probes,cargo,,
verification/vendor/targets/esp32s31/probes/README.md,1526,31,compiled production comparison probes,documentation,,
verification/vendor/targets/esp32s31/probes/bluetooth-elf/Cargo.toml,476,16,compiled production comparison probes,cargo,verification/vendor/targets/esp32s31/probes/bluetooth-elf/Cargo.toml,open-esp-radio-verification-esp32s31-bluetooth-probes-elf
verification/vendor/targets/esp32s31/probes/bluetooth-elf/build.rs,218,5,compiled production comparison probes,rust,verification/vendor/targets/esp32s31/probes/bluetooth-elf/Cargo.toml,open-esp-radio-verification-esp32s31-bluetooth-probes-elf
verification/vendor/targets/esp32s31/probes/bluetooth-elf/link.x,496,39,compiled production comparison probes,configuration-or-data,verification/vendor/targets/esp32s31/probes/bluetooth-elf/Cargo.toml,open-esp-radio-verification-esp32s31-bluetooth-probes-elf
verification/vendor/targets/esp32s31/probes/bluetooth-elf/src/main.rs,807,24,compiled production comparison probes,rust,verification/vendor/targets/esp32s31/probes/bluetooth-elf/Cargo.toml,open-esp-radio-verification-esp32s31-bluetooth-probes-elf
verification/vendor/targets/esp32s31/probes/bluetooth-library/Cargo.toml,511,18,compiled production comparison probes,cargo,verification/vendor/targets/esp32s31/probes/bluetooth-library/Cargo.toml,open-esp-radio-verification-esp32s31-bluetooth-probes
verification/vendor/targets/esp32s31/probes/bluetooth-library/src/lib.rs,7998,214,compiled production comparison probes,rust,verification/vendor/targets/esp32s31/probes/bluetooth-library/Cargo.toml,open-esp-radio-verification-esp32s31-bluetooth-probes
verification/vendor/targets/esp32s31/probes/elf/Cargo.toml,425,15,compiled production comparison probes,cargo,verification/vendor/targets/esp32s31/probes/elf/Cargo.toml,open-esp-radio-verification-esp32s31-probes-elf
verification/vendor/targets/esp32s31/probes/elf/build.rs,218,5,compiled production comparison probes,rust,verification/vendor/targets/esp32s31/probes/elf/Cargo.toml,open-esp-radio-verification-esp32s31-probes-elf
verification/vendor/targets/esp32s31/probes/elf/link.x,815,48,compiled production comparison probes,configuration-or-data,verification/vendor/targets/esp32s31/probes/elf/Cargo.toml,open-esp-radio-verification-esp32s31-probes-elf
verification/vendor/targets/esp32s31/probes/elf/src/main.rs,201,10,compiled production comparison probes,rust,verification/vendor/targets/esp32s31/probes/elf/Cargo.toml,open-esp-radio-verification-esp32s31-probes-elf
verification/vendor/targets/esp32s31/probes/library/Cargo.toml,1209,30,compiled production comparison probes,cargo,verification/vendor/targets/esp32s31/probes/library/Cargo.toml,open-esp-radio-verification-esp32s31-probes
verification/vendor/targets/esp32s31/probes/library/src/lib.rs,66200,1790,compiled production comparison probes,rust,verification/vendor/targets/esp32s31/probes/library/Cargo.toml,open-esp-radio-verification-esp32s31-probes
verification/vendor/targets/esp32s31/probes/library/src/production_trace.rs,2274,61,compiled production comparison probes,rust,verification/vendor/targets/esp32s31/probes/library/Cargo.toml,open-esp-radio-verification-esp32s31-probes
verification/vendor/targets/esp32s31/probes/register-elf/Cargo.toml,431,15,compiled production comparison probes,cargo,verification/vendor/targets/esp32s31/probes/register-elf/Cargo.toml,open-esp-radio-verification-esp32s31-register-probes-elf
verification/vendor/targets/esp32s31/probes/register-elf/build.rs,218,5,compiled production comparison probes,rust,verification/vendor/targets/esp32s31/probes/register-elf/Cargo.toml,open-esp-radio-verification-esp32s31-register-probes-elf
verification/vendor/targets/esp32s31/probes/register-elf/link.x,477,26,compiled production comparison probes,configuration-or-data,verification/vendor/targets/esp32s31/probes/register-elf/Cargo.toml,open-esp-radio-verification-esp32s31-register-probes-elf
verification/vendor/targets/esp32s31/probes/register-elf/src/main.rs,210,10,compiled production comparison probes,rust,verification/vendor/targets/esp32s31/probes/register-elf/Cargo.toml,open-esp-radio-verification-esp32s31-register-probes-elf
verification/vendor/targets/esp32s31/probes/register-library/Cargo.toml,456,17,compiled production comparison probes,cargo,verification/vendor/targets/esp32s31/probes/register-library/Cargo.toml,open-esp-radio-verification-esp32s31-register-probes
verification/vendor/targets/esp32s31/probes/register-library/src/lib.rs,2028,65,compiled production comparison probes,rust,verification/vendor/targets/esp32s31/probes/register-library/Cargo.toml,open-esp-radio-verification-esp32s31-register-probes
verification/vendor/targets/esp32s31/profiles/ble-interrupt-prefix.toml,2001,62,vendor comparison project inputs,configuration-or-data,,
verification/vendor/targets/esp32s31/profiles/ble-memory-list-selector-one.toml,2031,67,vendor comparison project inputs,configuration-or-data,,
verification/vendor/targets/esp32s31/profiles/ble-memory-list-selector-three.toml,2047,67,vendor comparison project inputs,configuration-or-data,,
verification/vendor/targets/esp32s31/profiles/ble-memory-list-selector-two.toml,2031,67,vendor comparison project inputs,configuration-or-data,,
verification/vendor/targets/esp32s31/profiles/ble-phy-register-init.toml,5774,126,vendor comparison project inputs,configuration-or-data,,
verification/vendor/targets/esp32s31/profiles/ble-scheduler-table-prefix.toml,4792,134,vendor comparison project inputs,configuration-or-data,,
verification/vendor/targets/esp32s31/profiles/btbb-v2-init-arg-one.toml,7777,172,vendor comparison project inputs,configuration-or-data,,
verification/vendor/targets/esp32s31/profiles/coex-core-duration.toml,9998,513,vendor comparison project inputs,configuration-or-data,,
verification/vendor/targets/esp32s31/profiles/coex-core-timer.toml,34609,1590,vendor comparison project inputs,configuration-or-data,,
verification/vendor/targets/esp32s31/profiles/coex-core.toml,13118,649,vendor comparison project inputs,configuration-or-data,,
verification/vendor/targets/esp32s31/profiles/coex-timer-set.toml,3927,163,vendor comparison project inputs,configuration-or-data,,
verification/vendor/targets/esp32s31/profiles/coex-timer.toml,4649,225,vendor comparison project inputs,configuration-or-data,,
verification/vendor/targets/esp32s31/profiles/compiled-equivalence.toml,27707,1307,vendor comparison project inputs,configuration-or-data,,
verification/vendor/targets/esp32s31/profiles/libpp-rx-dma.toml,2183,79,vendor comparison project inputs,configuration-or-data,,
verification/vendor/targets/esp32s31/profiles/libpp-tx-dma.toml,16818,602,vendor comparison project inputs,configuration-or-data,,
verification/vendor/targets/esp32s31/profiles/libpp-tx-retry.toml,13957,340,vendor comparison project inputs,configuration-or-data,,
verification/vendor/targets/esp32s31/profiles/phy-i2c-host-map-bluetooth.toml,4115,130,vendor comparison project inputs,configuration-or-data,,
verification/vendor/targets/esp32s31/profiles/rom-sta-tsf-snapshot.toml,1546,72,vendor comparison project inputs,configuration-or-data,,
verification/vendor/targets/esp32s31/profiles/wifi-ap-tsf-start.toml,758,27,vendor comparison project inputs,configuration-or-data,,
verification/vendor/targets/esp32s31/profiles/wifi-ap-tsf-stop.toml,426,17,vendor comparison project inputs,configuration-or-data,,
verification/vendor/targets/esp32s31/profiles/wifi-interface-context.toml,1955,83,vendor comparison project inputs,configuration-or-data,,
verification/vendor/targets/esp32s31/profiles/wifi-sta-ap-receive.toml,6729,222,vendor comparison project inputs,configuration-or-data,,
verification/vendor/targets/esp32s31/profiles/wifi-sta-beacon-filter.toml,1130,47,vendor comparison project inputs,configuration-or-data,,
verification/vendor/targets/esp32s31/publication/.gitignore,24,2,source-only register publication composition,configuration-or-data,,
verification/vendor/targets/esp32s31/publication/README.md,1973,34,source-only register publication composition,documentation,,
verification/vendor/targets/esp32s31/publication/vendor-project.toml,1985,63,source-only register publication composition,configuration-or-data,,
verification/vendor/targets/esp32s31/registers/api.toml,331250,10107,vendor comparison project inputs,configuration-or-data,,
verification/vendor/targets/esp32s31/registers/evidence/hil-open.toml,24432,118,vendor comparison project inputs,configuration-or-data,,
verification/vendor/targets/esp32s31/registers/evidence/hil-vendor.toml,6625,34,vendor comparison project inputs,configuration-or-data,,
verification/vendor/targets/esp32s31/registers/evidence/platform.toml,13524,106,vendor comparison project inputs,configuration-or-data,,
verification/vendor/targets/esp32s31/registers/evidence/policy.toml,167,3,vendor comparison project inputs,configuration-or-data,,
verification/vendor/targets/esp32s31/registers/evidence/promoted-driver-provenance.toml,2564,30,vendor comparison project inputs,configuration-or-data,,
verification/vendor/targets/esp32s31/registers/evidence/vendor-libpp.toml,43679,322,vendor comparison project inputs,configuration-or-data,,
verification/vendor/targets/esp32s31/registers/evidence/vendor-net80211.toml,5344,34,vendor comparison project inputs,configuration-or-data,,
verification/vendor/targets/esp32s31/registers/evidence/vendor-radio-libraries.toml,70896,441,vendor comparison project inputs,configuration-or-data,,
verification/vendor/targets/esp32s31/registers/evidence/vendor-rom.toml,17315,198,vendor comparison project inputs,configuration-or-data,,
verification/vendor/targets/esp32s31/registers/lints.toml,59,2,vendor comparison project inputs,configuration-or-data,,
verification/vendor/targets/esp32s31/replays/lmac-short-retry.toml,3018,160,vendor comparison project inputs,configuration-or-data,,
verification/vendor/targets/esp32s31/replays/pp-signal-17.toml,3768,156,vendor comparison project inputs,configuration-or-data,,
verification/vendor/targets/esp32s31/replays/pp-signal-23.toml,3577,155,vendor comparison project inputs,configuration-or-data,,
verification/vendor/targets/esp32s31/replays/pp-signal-25.toml,3657,156,vendor comparison project inputs,configuration-or-data,,
verification/vendor/targets/esp32s31/replays/wdev-indicate-overload.toml,2838,139,vendor comparison project inputs,configuration-or-data,,
verification/vendor/targets/esp32s31/reviewed/project-facts.toml,2280,56,vendor comparison project inputs,configuration-or-data,,
verification/vendor/targets/esp32s31/revisions/README.md,1508,27,vendor comparison project inputs,documentation,,
verification/vendor/targets/esp32s31/revisions/snapshots/esp32s31-rev0-ble-ext-funcs-2026-08-29.json.gz,2777897,,vendor comparison project inputs,configuration-or-data,,
verification/vendor/targets/esp32s31/revisions/snapshots/esp32s31-rev0-vendor-scope-2026-08-29.json.gz,2774565,,vendor comparison project inputs,configuration-or-data,,
verification/vendor/targets/esp32s31/revisions/state.blobray,841,7,vendor comparison project inputs,configuration-or-data,,
verification/vendor/targets/esp32s31/target.toml,244,8,vendor comparison project inputs,configuration-or-data,,
verification/vendor/targets/esp32s31/vendor-project.toml,34674,1045,vendor comparison project inputs,configuration-or-data,,
verification/vendor/targets/esp32s31/verification-addon.toml,11283,382,vendor comparison project inputs,configuration-or-data,,
verification/vendor/targets/esp32s31/verification-policy.toml,30325,540,vendor comparison project inputs,configuration-or-data,,
