path,crate_root,package,responsibility,kind,lines,inline_test_modules,test_attributes,proposed_container_path
driver/README.md,,,driver-documentation,documentation,302,0,0,driver/README.md
driver/UNSAFE.md,,,driver-documentation,documentation,26,0,0,driver/UNSAFE.md
driver/adapters/embassy-net-compat/Cargo.toml,driver/adapters/embassy-net-compat,open-esp-radio-embassy-net-compat,network-adapter,manifest,19,0,0,driver/adapters/network/embassy/compat/Cargo.toml
driver/adapters/embassy-net-compat/src/lib.rs,driver/adapters/embassy-net-compat,open-esp-radio-embassy-net-compat,network-adapter,rust,937,0,0,driver/adapters/network/embassy/compat/src/lib.rs
driver/adapters/embassy-net-compat/tests/compat_device.rs,driver/adapters/embassy-net-compat,open-esp-radio-embassy-net-compat,network-adapter,test-rust,162,0,8,driver/adapters/network/embassy/compat/tests/compat_device.rs
driver/adapters/embassy-net/Cargo.toml,driver/adapters/embassy-net,open-esp-radio-embassy-net,network-adapter,manifest,22,0,0,driver/adapters/network/embassy/owned/Cargo.toml
driver/adapters/embassy-net/src/lib.rs,driver/adapters/embassy-net,open-esp-radio-embassy-net,network-adapter,rust,31,0,0,driver/adapters/network/embassy/owned/src/lib.rs
driver/adapters/embassy-net/src/owned.rs,driver/adapters/embassy-net,open-esp-radio-embassy-net,network-adapter,rust,768,1,6,driver/adapters/network/embassy/owned/src/owned.rs
driver/adapters/embassy/esp32s31-bluetooth/Cargo.toml,driver/adapters/embassy/esp32s31-bluetooth,open-esp-radio-esp32s31-bluetooth-embassy,embassy-adapter-runtime,manifest,22,0,0,driver/adapters/embassy/esp32s31/bluetooth/Cargo.toml
driver/adapters/embassy/esp32s31-bluetooth/src/controller_command_task.rs,driver/adapters/embassy/esp32s31-bluetooth,open-esp-radio-esp32s31-bluetooth-embassy,embassy-adapter-runtime,rust,5598,1,6,driver/adapters/embassy/esp32s31/bluetooth/src/controller_command_task.rs
driver/adapters/embassy/esp32s31-bluetooth/src/controller_command_task/connectable_recurring.rs,driver/adapters/embassy/esp32s31-bluetooth,open-esp-radio-esp32s31-bluetooth-embassy,embassy-adapter-runtime,rust,1207,0,0,driver/adapters/embassy/esp32s31/bluetooth/src/controller_command_task/connectable_recurring.rs
driver/adapters/embassy/esp32s31-bluetooth/src/controller_time_recheck.rs,driver/adapters/embassy/esp32s31-bluetooth,open-esp-radio-esp32s31-bluetooth-embassy,embassy-adapter-runtime,rust,356,1,4,driver/adapters/embassy/esp32s31/bluetooth/src/controller_time_recheck.rs
driver/adapters/embassy/esp32s31-bluetooth/src/dtm_active.rs,driver/adapters/embassy/esp32s31-bluetooth,open-esp-radio-esp32s31-bluetooth-embassy,embassy-adapter-runtime,rust,450,1,5,driver/adapters/embassy/esp32s31/bluetooth/src/dtm_active.rs
driver/adapters/embassy/esp32s31-bluetooth/src/dtm_first.rs,driver/adapters/embassy/esp32s31-bluetooth,open-esp-radio-esp32s31-bluetooth-embassy,embassy-adapter-runtime,rust,114,0,0,driver/adapters/embassy/esp32s31/bluetooth/src/dtm_first.rs
driver/adapters/embassy/esp32s31-bluetooth/src/dtm_session_task.rs,driver/adapters/embassy/esp32s31-bluetooth,open-esp-radio-esp32s31-bluetooth-embassy,embassy-adapter-runtime,rust,1349,1,8,driver/adapters/embassy/esp32s31/bluetooth/src/dtm_session_task.rs
driver/adapters/embassy/esp32s31-bluetooth/src/dtm_stopping.rs,driver/adapters/embassy/esp32s31-bluetooth,open-esp-radio-esp32s31-bluetooth-embassy,embassy-adapter-runtime,rust,617,1,4,driver/adapters/embassy/esp32s31/bluetooth/src/dtm_stopping.rs
driver/adapters/embassy/esp32s31-bluetooth/src/legacy_advertising_active.rs,driver/adapters/embassy/esp32s31-bluetooth,open-esp-radio-esp32s31-bluetooth-embassy,embassy-adapter-runtime,rust,110,0,0,driver/adapters/embassy/esp32s31/bluetooth/src/legacy_advertising_active.rs
driver/adapters/embassy/esp32s31-bluetooth/src/legacy_advertising_first.rs,driver/adapters/embassy/esp32s31-bluetooth,open-esp-radio-esp32s31-bluetooth-embassy,embassy-adapter-runtime,rust,96,0,0,driver/adapters/embassy/esp32s31/bluetooth/src/legacy_advertising_first.rs
driver/adapters/embassy/esp32s31-bluetooth/src/legacy_connectable_advertising_active.rs,driver/adapters/embassy/esp32s31-bluetooth,open-esp-radio-esp32s31-bluetooth-embassy,embassy-adapter-runtime,rust,264,0,0,driver/adapters/embassy/esp32s31/bluetooth/src/legacy_connectable_advertising_active.rs
driver/adapters/embassy/esp32s31-bluetooth/src/legacy_connectable_advertising_first.rs,driver/adapters/embassy/esp32s31-bluetooth,open-esp-radio-esp32s31-bluetooth-embassy,embassy-adapter-runtime,rust,109,0,0,driver/adapters/embassy/esp32s31/bluetooth/src/legacy_connectable_advertising_first.rs
driver/adapters/embassy/esp32s31-bluetooth/src/legacy_connectable_advertising_recurring.rs,driver/adapters/embassy/esp32s31-bluetooth,open-esp-radio-esp32s31-bluetooth-embassy,embassy-adapter-runtime,rust,885,0,0,driver/adapters/embassy/esp32s31/bluetooth/src/legacy_connectable_advertising_recurring.rs
driver/adapters/embassy/esp32s31-bluetooth/src/legacy_connectable_peripheral_first.rs,driver/adapters/embassy/esp32s31-bluetooth,open-esp-radio-esp32s31-bluetooth-embassy,embassy-adapter-runtime,rust,325,0,0,driver/adapters/embassy/esp32s31/bluetooth/src/legacy_connectable_peripheral_first.rs
driver/adapters/embassy/esp32s31-bluetooth/src/lib.rs,driver/adapters/embassy/esp32s31-bluetooth,open-esp-radio-esp32s31-bluetooth-embassy,embassy-adapter-runtime,rust,559,1,9,driver/adapters/embassy/esp32s31/bluetooth/src/lib.rs
driver/adapters/embassy/esp32s31-bluetooth/src/modem_timer_task.rs,driver/adapters/embassy/esp32s31-bluetooth,open-esp-radio-esp32s31-bluetooth-embassy,embassy-adapter-runtime,rust,355,1,4,driver/adapters/embassy/esp32s31/bluetooth/src/modem_timer_task.rs
driver/adapters/embassy/esp32s31-bluetooth/src/passive_scanning_active.rs,driver/adapters/embassy/esp32s31-bluetooth,open-esp-radio-esp32s31-bluetooth-embassy,embassy-adapter-runtime,rust,86,0,0,driver/adapters/embassy/esp32s31/bluetooth/src/passive_scanning_active.rs
driver/adapters/embassy/esp32s31-bluetooth/src/passive_scanning_first.rs,driver/adapters/embassy/esp32s31-bluetooth,open-esp-radio-esp32s31-bluetooth-embassy,embassy-adapter-runtime,rust,87,0,0,driver/adapters/embassy/esp32s31/bluetooth/src/passive_scanning_first.rs
driver/adapters/embassy/esp32s31-coex/Cargo.toml,driver/adapters/embassy/esp32s31-coex,open-esp-radio-esp32s31-coex-embassy,embassy-adapter-runtime,manifest,18,0,0,driver/adapters/embassy/esp32s31/coex/Cargo.toml
driver/adapters/embassy/esp32s31-coex/src/lib.rs,driver/adapters/embassy/esp32s31-coex,open-esp-radio-esp32s31-coex-embassy,embassy-adapter-runtime,rust,263,1,1,driver/adapters/embassy/esp32s31/coex/src/lib.rs
driver/adapters/embassy/esp32s31-ieee802154/Cargo.toml,driver/adapters/embassy/esp32s31-ieee802154,open-esp-radio-esp32s31-ieee802154-embassy,embassy-adapter-runtime,manifest,23,0,0,driver/adapters/embassy/esp32s31/ieee802154/Cargo.toml
driver/adapters/embassy/esp32s31-ieee802154/src/lib.rs,driver/adapters/embassy/esp32s31-ieee802154,open-esp-radio-esp32s31-ieee802154-embassy,embassy-adapter-runtime,rust,432,1,5,driver/adapters/embassy/esp32s31/ieee802154/src/lib.rs
driver/adapters/embassy/esp32s31-ieee802154/src/owner.rs,driver/adapters/embassy/esp32s31-ieee802154,open-esp-radio-esp32s31-ieee802154-embassy,embassy-adapter-runtime,rust,475,0,0,driver/adapters/embassy/esp32s31/ieee802154/src/owner.rs
driver/adapters/embassy/esp32s31-platform/Cargo.toml,driver/adapters/embassy/esp32s31-platform,open-esp-radio-esp32s31-embassy-runtime,embassy-adapter-runtime,manifest,34,0,0,driver/adapters/embassy/esp32s31/runtime/Cargo.toml
driver/adapters/embassy/esp32s31-platform/src/executor.rs,driver/adapters/embassy/esp32s31-platform,open-esp-radio-esp32s31-embassy-runtime,embassy-adapter-runtime,rust,208,0,0,driver/adapters/embassy/esp32s31/runtime/src/executor.rs
driver/adapters/embassy/esp32s31-platform/src/lib.rs,driver/adapters/embassy/esp32s31-platform,open-esp-radio-esp32s31-embassy-runtime,embassy-adapter-runtime,rust,16,0,0,driver/adapters/embassy/esp32s31/runtime/src/lib.rs
driver/adapters/embassy/esp32s31-platform/src/time_driver.rs,driver/adapters/embassy/esp32s31-platform,open-esp-radio-esp32s31-embassy-runtime,embassy-adapter-runtime,rust,178,0,0,driver/adapters/embassy/esp32s31/runtime/src/time_driver.rs
driver/adapters/embassy/esp32s31-wifi-compat/Cargo.toml,driver/adapters/embassy/esp32s31-wifi-compat,open-esp-radio-esp32s31-wifi-embassy-compat,embassy-adapter-runtime,manifest,27,0,0,driver/adapters/embassy/esp32s31/wifi-compat/Cargo.toml
driver/adapters/embassy/esp32s31-wifi-compat/src/dual.rs,driver/adapters/embassy/esp32s31-wifi-compat,open-esp-radio-esp32s31-wifi-embassy-compat,embassy-adapter-runtime,rust,259,0,0,driver/adapters/embassy/esp32s31/wifi-compat/src/dual.rs
driver/adapters/embassy/esp32s31-wifi-compat/src/lib.rs,driver/adapters/embassy/esp32s31-wifi-compat,open-esp-radio-esp32s31-wifi-embassy-compat,embassy-adapter-runtime,rust,503,0,0,driver/adapters/embassy/esp32s31/wifi-compat/src/lib.rs
driver/adapters/embassy/esp32s31-wifi-compat/tests/compatibility_bridge.rs,driver/adapters/embassy/esp32s31-wifi-compat,open-esp-radio-esp32s31-wifi-embassy-compat,embassy-adapter-runtime,test-rust,167,0,3,driver/adapters/embassy/esp32s31/wifi-compat/tests/compatibility_bridge.rs
driver/adapters/embassy/esp32s31-wifi/Cargo.toml,driver/adapters/embassy/esp32s31-wifi,open-esp-radio-esp32s31-wifi-embassy,embassy-adapter-runtime,manifest,81,0,0,driver/adapters/embassy/esp32s31/wifi/Cargo.toml
driver/adapters/embassy/esp32s31-wifi/examples/station_service.rs,driver/adapters/embassy/esp32s31-wifi,open-esp-radio-esp32s31-wifi-embassy,embassy-adapter-runtime,rust,62,0,0,driver/adapters/embassy/esp32s31/wifi/examples/station_service.rs
driver/adapters/embassy/esp32s31-wifi/src/composition.rs,driver/adapters/embassy/esp32s31-wifi,open-esp-radio-esp32s31-wifi-embassy,embassy-adapter-runtime,rust,5,0,0,driver/adapters/embassy/esp32s31/wifi/src/composition.rs
driver/adapters/embassy/esp32s31-wifi/src/composition/phy.rs,driver/adapters/embassy/esp32s31-wifi,open-esp-radio-esp32s31-wifi-embassy,embassy-adapter-runtime,rust,17,0,0,driver/adapters/embassy/esp32s31/wifi/src/composition/phy.rs
driver/adapters/embassy/esp32s31-wifi/src/composition/resources.rs,driver/adapters/embassy/esp32s31-wifi,open-esp-radio-esp32s31-wifi-embassy,embassy-adapter-runtime,rust,260,1,2,driver/adapters/embassy/esp32s31/wifi/src/composition/resources.rs
driver/adapters/embassy/esp32s31-wifi/src/datapath/irq.rs,driver/adapters/embassy/esp32s31-wifi,open-esp-radio-esp32s31-wifi-embassy,embassy-adapter-runtime,rust,20,0,0,driver/adapters/embassy/esp32s31/wifi/src/datapath/irq.rs
driver/adapters/embassy/esp32s31-wifi/src/datapath/irq/epoch.rs,driver/adapters/embassy/esp32s31-wifi,open-esp-radio-esp32s31-wifi-embassy,embassy-adapter-runtime,rust,272,0,0,driver/adapters/embassy/esp32s31/wifi/src/datapath/irq/epoch.rs
driver/adapters/embassy/esp32s31-wifi/src/datapath/irq/mac_runtime.rs,driver/adapters/embassy/esp32s31-wifi,open-esp-radio-esp32s31-wifi-embassy,embassy-adapter-runtime,rust,252,0,0,driver/adapters/embassy/esp32s31/wifi/src/datapath/irq/mac_runtime.rs
driver/adapters/embassy/esp32s31-wifi/src/datapath/irq/power_runtime.rs,driver/adapters/embassy/esp32s31-wifi,open-esp-radio-esp32s31-wifi-embassy,embassy-adapter-runtime,rust,88,0,0,driver/adapters/embassy/esp32s31/wifi/src/datapath/irq/power_runtime.rs
driver/adapters/embassy/esp32s31-wifi/src/datapath/irq/tests.rs,driver/adapters/embassy/esp32s31-wifi,open-esp-radio-esp32s31-wifi-embassy,embassy-adapter-runtime,test-rust,521,0,17,driver/adapters/embassy/esp32s31/wifi/src/datapath/irq/tests.rs
driver/adapters/embassy/esp32s31-wifi/src/datapath/mod.rs,driver/adapters/embassy/esp32s31-wifi,open-esp-radio-esp32s31-wifi-embassy,embassy-adapter-runtime,rust,619,0,0,driver/adapters/embassy/esp32s31/wifi/src/datapath/mod.rs
driver/adapters/embassy/esp32s31-wifi/src/datapath/network.rs,driver/adapters/embassy/esp32s31-wifi,open-esp-radio-esp32s31-wifi-embassy,embassy-adapter-runtime,rust,860,0,0,driver/adapters/embassy/esp32s31/wifi/src/datapath/network.rs
driver/adapters/embassy/esp32s31-wifi/src/datapath/owned_tests.rs,driver/adapters/embassy/esp32s31-wifi,open-esp-radio-esp32s31-wifi-embassy,embassy-adapter-runtime,rust,88,0,2,driver/adapters/embassy/esp32s31/wifi/src/datapath/owned_tests.rs
driver/adapters/embassy/esp32s31-wifi/src/datapath/owner.rs,driver/adapters/embassy/esp32s31-wifi,open-esp-radio-esp32s31-wifi-embassy,embassy-adapter-runtime,rust,328,0,1,driver/adapters/embassy/esp32s31/wifi/src/datapath/owner.rs
driver/adapters/embassy/esp32s31-wifi/src/datapath/paired.rs,driver/adapters/embassy/esp32s31-wifi,open-esp-radio-esp32s31-wifi-embassy,embassy-adapter-runtime,rust,1174,0,3,driver/adapters/embassy/esp32s31/wifi/src/datapath/paired.rs
driver/adapters/embassy/esp32s31-wifi/src/datapath/rx/dma.rs,driver/adapters/embassy/esp32s31-wifi,open-esp-radio-esp32s31-wifi-embassy,embassy-adapter-runtime,rust,511,0,0,driver/adapters/embassy/esp32s31/wifi/src/datapath/rx/dma.rs
driver/adapters/embassy/esp32s31-wifi/src/datapath/rx/dma/epoch.rs,driver/adapters/embassy/esp32s31-wifi,open-esp-radio-esp32s31-wifi-embassy,embassy-adapter-runtime,rust,694,0,0,driver/adapters/embassy/esp32s31/wifi/src/datapath/rx/dma/epoch.rs
driver/adapters/embassy/esp32s31-wifi/src/datapath/rx/dma/lifecycle.rs,driver/adapters/embassy/esp32s31-wifi,open-esp-radio-esp32s31-wifi-embassy,embassy-adapter-runtime,rust,783,0,0,driver/adapters/embassy/esp32s31/wifi/src/datapath/rx/dma/lifecycle.rs
driver/adapters/embassy/esp32s31-wifi/src/datapath/rx/dma/service.rs,driver/adapters/embassy/esp32s31-wifi,open-esp-radio-esp32s31-wifi-embassy,embassy-adapter-runtime,rust,715,0,0,driver/adapters/embassy/esp32s31/wifi/src/datapath/rx/dma/service.rs
driver/adapters/embassy/esp32s31-wifi/src/datapath/rx/dma/tests.rs,driver/adapters/embassy/esp32s31-wifi,open-esp-radio-esp32s31-wifi-embassy,embassy-adapter-runtime,test-rust,1916,0,16,driver/adapters/embassy/esp32s31/wifi/src/datapath/rx/dma/tests.rs
driver/adapters/embassy/esp32s31-wifi/src/datapath/rx/ethernet.rs,driver/adapters/embassy/esp32s31-wifi,open-esp-radio-esp32s31-wifi-embassy,embassy-adapter-runtime,rust,178,1,2,driver/adapters/embassy/esp32s31/wifi/src/datapath/rx/ethernet.rs
driver/adapters/embassy/esp32s31-wifi/src/datapath/rx/frontier.rs,driver/adapters/embassy/esp32s31-wifi,open-esp-radio-esp32s31-wifi-embassy,embassy-adapter-runtime,rust,22,0,0,driver/adapters/embassy/esp32s31/wifi/src/datapath/rx/frontier.rs
driver/adapters/embassy/esp32s31-wifi/src/datapath/rx/frontier/lifecycle.rs,driver/adapters/embassy/esp32s31-wifi,open-esp-radio-esp32s31-wifi-embassy,embassy-adapter-runtime,rust,531,0,0,driver/adapters/embassy/esp32s31/wifi/src/datapath/rx/frontier/lifecycle.rs
driver/adapters/embassy/esp32s31-wifi/src/datapath/rx/frontier/state.rs,driver/adapters/embassy/esp32s31-wifi,open-esp-radio-esp32s31-wifi-embassy,embassy-adapter-runtime,rust,113,0,0,driver/adapters/embassy/esp32s31/wifi/src/datapath/rx/frontier/state.rs
driver/adapters/embassy/esp32s31-wifi/src/datapath/rx/frontier/tests.rs,driver/adapters/embassy/esp32s31-wifi,open-esp-radio-esp32s31-wifi-embassy,embassy-adapter-runtime,test-rust,418,0,6,driver/adapters/embassy/esp32s31/wifi/src/datapath/rx/frontier/tests.rs
driver/adapters/embassy/esp32s31-wifi/src/datapath/rx/frontier/time.rs,driver/adapters/embassy/esp32s31-wifi,open-esp-radio-esp32s31-wifi-embassy,embassy-adapter-runtime,rust,18,0,0,driver/adapters/embassy/esp32s31/wifi/src/datapath/rx/frontier/time.rs
driver/adapters/embassy/esp32s31-wifi/src/datapath/rx/hardware.rs,driver/adapters/embassy/esp32s31-wifi,open-esp-radio-esp32s31-wifi-embassy,embassy-adapter-runtime,rust,178,1,1,driver/adapters/embassy/esp32s31/wifi/src/datapath/rx/hardware.rs
driver/adapters/embassy/esp32s31-wifi/src/datapath/rx/mod.rs,driver/adapters/embassy/esp32s31-wifi,open-esp-radio-esp32s31-wifi-embassy,embassy-adapter-runtime,rust,9,0,0,driver/adapters/embassy/esp32s31/wifi/src/datapath/rx/mod.rs
driver/adapters/embassy/esp32s31-wifi/src/datapath/rx/reorder.rs,driver/adapters/embassy/esp32s31-wifi,open-esp-radio-esp32s31-wifi-embassy,embassy-adapter-runtime,rust,416,1,5,driver/adapters/embassy/esp32s31/wifi/src/datapath/rx/reorder.rs
driver/adapters/embassy/esp32s31-wifi/src/datapath/rx/staging.rs,driver/adapters/embassy/esp32s31-wifi,open-esp-radio-esp32s31-wifi-embassy,embassy-adapter-runtime,rust,209,0,0,driver/adapters/embassy/esp32s31/wifi/src/datapath/rx/staging.rs
driver/adapters/embassy/esp32s31-wifi/src/datapath/rx/turn.rs,driver/adapters/embassy/esp32s31-wifi,open-esp-radio-esp32s31-wifi-embassy,embassy-adapter-runtime,rust,201,1,5,driver/adapters/embassy/esp32s31/wifi/src/datapath/rx/turn.rs
driver/adapters/embassy/esp32s31-wifi/src/datapath/scheduler.rs,driver/adapters/embassy/esp32s31-wifi,open-esp-radio-esp32s31-wifi-embassy,embassy-adapter-runtime,rust,512,0,0,driver/adapters/embassy/esp32s31/wifi/src/datapath/scheduler.rs
driver/adapters/embassy/esp32s31-wifi/src/datapath/service.rs,driver/adapters/embassy/esp32s31-wifi,open-esp-radio-esp32s31-wifi-embassy,embassy-adapter-runtime,rust,581,0,0,driver/adapters/embassy/esp32s31/wifi/src/datapath/service.rs
driver/adapters/embassy/esp32s31-wifi/src/datapath/services.rs,driver/adapters/embassy/esp32s31-wifi,open-esp-radio-esp32s31-wifi-embassy,embassy-adapter-runtime,rust,580,0,0,driver/adapters/embassy/esp32s31/wifi/src/datapath/services.rs
driver/adapters/embassy/esp32s31-wifi/src/datapath/software_tx_queue.rs,driver/adapters/embassy/esp32s31-wifi,open-esp-radio-esp32s31-wifi-embassy,embassy-adapter-runtime,rust,362,1,5,driver/adapters/embassy/esp32s31/wifi/src/datapath/software_tx_queue.rs
driver/adapters/embassy/esp32s31-wifi/src/datapath/sram_tx.rs,driver/adapters/embassy/esp32s31-wifi,open-esp-radio-esp32s31-wifi-embassy,embassy-adapter-runtime,rust,586,0,0,driver/adapters/embassy/esp32s31/wifi/src/datapath/sram_tx.rs
driver/adapters/embassy/esp32s31-wifi/src/datapath/tx/aggregate.rs,driver/adapters/embassy/esp32s31-wifi,open-esp-radio-esp32s31-wifi-embassy,embassy-adapter-runtime,rust,91,1,3,driver/adapters/embassy/esp32s31/wifi/src/datapath/tx/aggregate.rs
driver/adapters/embassy/esp32s31-wifi/src/datapath/tx/mod.rs,driver/adapters/embassy/esp32s31-wifi,open-esp-radio-esp32s31-wifi-embassy,embassy-adapter-runtime,rust,5,0,0,driver/adapters/embassy/esp32s31/wifi/src/datapath/tx/mod.rs
driver/adapters/embassy/esp32s31-wifi/src/datapath/tx/resources.rs,driver/adapters/embassy/esp32s31-wifi,open-esp-radio-esp32s31-wifi-embassy,embassy-adapter-runtime,rust,169,1,2,driver/adapters/embassy/esp32s31/wifi/src/datapath/tx/resources.rs
driver/adapters/embassy/esp32s31-wifi/src/datapath/tx/time.rs,driver/adapters/embassy/esp32s31-wifi,open-esp-radio-esp32s31-wifi-embassy,embassy-adapter-runtime,rust,22,0,0,driver/adapters/embassy/esp32s31/wifi/src/datapath/tx/time.rs
driver/adapters/embassy/esp32s31-wifi/src/datapath/tx_performance.rs,driver/adapters/embassy/esp32s31-wifi,open-esp-radio-esp32s31-wifi-embassy,embassy-adapter-runtime,rust,388,1,1,driver/adapters/embassy/esp32s31/wifi/src/datapath/tx_performance.rs
driver/adapters/embassy/esp32s31-wifi/src/diagnostics.rs,driver/adapters/embassy/esp32s31-wifi,open-esp-radio-esp32s31-wifi-embassy,embassy-adapter-runtime,rust,21,0,0,driver/adapters/embassy/esp32s31/wifi/src/diagnostics.rs
driver/adapters/embassy/esp32s31-wifi/src/diagnostics/access_point.rs,driver/adapters/embassy/esp32s31-wifi,open-esp-radio-esp32s31-wifi-embassy,embassy-adapter-runtime,rust,41,0,0,driver/adapters/embassy/esp32s31/wifi/src/diagnostics/access_point.rs
driver/adapters/embassy/esp32s31-wifi/src/diagnostics/aggregate_tx.rs,driver/adapters/embassy/esp32s31-wifi,open-esp-radio-esp32s31-wifi-embassy,embassy-adapter-runtime,rust,154,0,0,driver/adapters/embassy/esp32s31/wifi/src/diagnostics/aggregate_tx.rs
driver/adapters/embassy/esp32s31-wifi/src/diagnostics/core0_ap_rx_cycles.rs,driver/adapters/embassy/esp32s31-wifi,open-esp-radio-esp32s31-wifi-embassy,embassy-adapter-runtime,rust,353,0,0,driver/adapters/embassy/esp32s31/wifi/src/diagnostics/core0_ap_rx_cycles.rs
driver/adapters/embassy/esp32s31-wifi/src/diagnostics/core0_rx_cycles.rs,driver/adapters/embassy/esp32s31-wifi,open-esp-radio-esp32s31-wifi-embassy,embassy-adapter-runtime,rust,1378,1,2,driver/adapters/embassy/esp32s31/wifi/src/diagnostics/core0_rx_cycles.rs
driver/adapters/embassy/esp32s31-wifi/src/diagnostics/core0_rx_performance.rs,driver/adapters/embassy/esp32s31-wifi,open-esp-radio-esp32s31-wifi-embassy,embassy-adapter-runtime,rust,1449,1,2,driver/adapters/embassy/esp32s31/wifi/src/diagnostics/core0_rx_performance.rs
driver/adapters/embassy/esp32s31-wifi/src/diagnostics/core0_rx_reorder_cycles.rs,driver/adapters/embassy/esp32s31-wifi,open-esp-radio-esp32s31-wifi-embassy,embassy-adapter-runtime,rust,476,1,1,driver/adapters/embassy/esp32s31/wifi/src/diagnostics/core0_rx_reorder_cycles.rs
driver/adapters/embassy/esp32s31-wifi/src/diagnostics/core0_rx_service_histogram.rs,driver/adapters/embassy/esp32s31-wifi,open-esp-radio-esp32s31-wifi-embassy,embassy-adapter-runtime,rust,252,1,1,driver/adapters/embassy/esp32s31/wifi/src/diagnostics/core0_rx_service_histogram.rs
driver/adapters/embassy/esp32s31-wifi/src/diagnostics/network.rs,driver/adapters/embassy/esp32s31-wifi,open-esp-radio-esp32s31-wifi-embassy,embassy-adapter-runtime,rust,84,0,0,driver/adapters/embassy/esp32s31/wifi/src/diagnostics/network.rs
driver/adapters/embassy/esp32s31-wifi/src/diagnostics/rx_pipeline.rs,driver/adapters/embassy/esp32s31-wifi,open-esp-radio-esp32s31-wifi-embassy,embassy-adapter-runtime,rust,169,0,0,driver/adapters/embassy/esp32s31/wifi/src/diagnostics/rx_pipeline.rs
driver/adapters/embassy/esp32s31-wifi/src/lib.rs,driver/adapters/embassy/esp32s31-wifi,open-esp-radio-esp32s31-wifi-embassy,embassy-adapter-runtime,rust,16,0,0,driver/adapters/embassy/esp32s31/wifi/src/lib.rs
driver/adapters/embassy/esp32s31-wifi/src/roles.rs,driver/adapters/embassy/esp32s31-wifi,open-esp-radio-esp32s31-wifi-embassy,embassy-adapter-runtime,rust,12,0,0,driver/adapters/embassy/esp32s31/wifi/src/roles.rs
driver/adapters/embassy/esp32s31-wifi/src/roles/access_point.rs,driver/adapters/embassy/esp32s31-wifi,open-esp-radio-esp32s31-wifi-embassy,embassy-adapter-runtime,rust,243,0,1,driver/adapters/embassy/esp32s31/wifi/src/roles/access_point.rs
driver/adapters/embassy/esp32s31-wifi/src/roles/access_point/ampdu.rs,driver/adapters/embassy/esp32s31-wifi,open-esp-radio-esp32s31-wifi-embassy,embassy-adapter-runtime,rust,191,1,1,driver/adapters/embassy/esp32s31/wifi/src/roles/access_point/ampdu.rs
driver/adapters/embassy/esp32s31-wifi/src/roles/access_point/concurrent.rs,driver/adapters/embassy/esp32s31-wifi,open-esp-radio-esp32s31-wifi-embassy,embassy-adapter-runtime,rust,1892,0,0,driver/adapters/embassy/esp32s31/wifi/src/roles/access_point/concurrent.rs
driver/adapters/embassy/esp32s31-wifi/src/roles/access_point/control_owner.rs,driver/adapters/embassy/esp32s31-wifi,open-esp-radio-esp32s31-wifi-embassy,embassy-adapter-runtime,rust,459,0,0,driver/adapters/embassy/esp32s31/wifi/src/roles/access_point/control_owner.rs
driver/adapters/embassy/esp32s31-wifi/src/roles/access_point/control_readiness.rs,driver/adapters/embassy/esp32s31-wifi,open-esp-radio-esp32s31-wifi-embassy,embassy-adapter-runtime,rust,54,0,0,driver/adapters/embassy/esp32s31/wifi/src/roles/access_point/control_readiness.rs
driver/adapters/embassy/esp32s31-wifi/src/roles/access_point/control_types.rs,driver/adapters/embassy/esp32s31-wifi,open-esp-radio-esp32s31-wifi-embassy,embassy-adapter-runtime,rust,292,0,0,driver/adapters/embassy/esp32s31/wifi/src/roles/access_point/control_types.rs
driver/adapters/embassy/esp32s31-wifi/src/roles/access_point/datapath.rs,driver/adapters/embassy/esp32s31-wifi,open-esp-radio-esp32s31-wifi-embassy,embassy-adapter-runtime,rust,1208,1,12,driver/adapters/embassy/esp32s31/wifi/src/roles/access_point/datapath.rs
driver/adapters/embassy/esp32s31-wifi/src/roles/access_point/ethernet_diagnostics.rs,driver/adapters/embassy/esp32s31-wifi,open-esp-radio-esp32s31-wifi-embassy,embassy-adapter-runtime,rust,45,0,0,driver/adapters/embassy/esp32s31/wifi/src/roles/access_point/ethernet_diagnostics.rs
driver/adapters/embassy/esp32s31-wifi/src/roles/access_point/network_tx.rs,driver/adapters/embassy/esp32s31-wifi,open-esp-radio-esp32s31-wifi-embassy,embassy-adapter-runtime,rust,2709,1,7,driver/adapters/embassy/esp32s31/wifi/src/roles/access_point/network_tx.rs
driver/adapters/embassy/esp32s31-wifi/src/roles/access_point/network_tx/service_phase.rs,driver/adapters/embassy/esp32s31-wifi,open-esp-radio-esp32s31-wifi-embassy,embassy-adapter-runtime,rust,176,1,5,driver/adapters/embassy/esp32s31/wifi/src/roles/access_point/network_tx/service_phase.rs
driver/adapters/embassy/esp32s31-wifi/src/roles/access_point/protocol_mailbox.rs,driver/adapters/embassy/esp32s31-wifi,open-esp-radio-esp32s31-wifi-embassy,embassy-adapter-runtime,rust,154,1,1,driver/adapters/embassy/esp32s31/wifi/src/roles/access_point/protocol_mailbox.rs
driver/adapters/embassy/esp32s31-wifi/src/roles/access_point/protocol_owner.rs,driver/adapters/embassy/esp32s31-wifi,open-esp-radio-esp32s31-wifi-embassy,embassy-adapter-runtime,rust,234,0,0,driver/adapters/embassy/esp32s31/wifi/src/roles/access_point/protocol_owner.rs
driver/adapters/embassy/esp32s31-wifi/src/roles/access_point/protocol_service.rs,driver/adapters/embassy/esp32s31-wifi,open-esp-radio-esp32s31-wifi-embassy,embassy-adapter-runtime,rust,1831,0,3,driver/adapters/embassy/esp32s31/wifi/src/roles/access_point/protocol_service.rs
driver/adapters/embassy/esp32s31-wifi/src/roles/access_point/protocol_shutdown.rs,driver/adapters/embassy/esp32s31-wifi,open-esp-radio-esp32s31-wifi-embassy,embassy-adapter-runtime,rust,644,0,0,driver/adapters/embassy/esp32s31/wifi/src/roles/access_point/protocol_shutdown.rs
driver/adapters/embassy/esp32s31-wifi/src/roles/access_point/rx_dispatch.rs,driver/adapters/embassy/esp32s31-wifi,open-esp-radio-esp32s31-wifi-embassy,embassy-adapter-runtime,rust,407,0,4,driver/adapters/embassy/esp32s31/wifi/src/roles/access_point/rx_dispatch.rs
driver/adapters/embassy/esp32s31-wifi/src/roles/access_point/rx_pipeline.rs,driver/adapters/embassy/esp32s31-wifi,open-esp-radio-esp32s31-wifi-embassy,embassy-adapter-runtime,rust,593,0,2,driver/adapters/embassy/esp32s31/wifi/src/roles/access_point/rx_pipeline.rs
driver/adapters/embassy/esp32s31-wifi/src/roles/access_point/rx_reorder.rs,driver/adapters/embassy/esp32s31-wifi,open-esp-radio-esp32s31-wifi-embassy,embassy-adapter-runtime,rust,1047,1,11,driver/adapters/embassy/esp32s31/wifi/src/roles/access_point/rx_reorder.rs
driver/adapters/embassy/esp32s31-wifi/src/roles/access_point/service_epoch.rs,driver/adapters/embassy/esp32s31-wifi,open-esp-radio-esp32s31-wifi-embassy,embassy-adapter-runtime,rust,367,0,0,driver/adapters/embassy/esp32s31/wifi/src/roles/access_point/service_epoch.rs
driver/adapters/embassy/esp32s31-wifi/src/roles/concurrent.rs,driver/adapters/embassy/esp32s31-wifi,open-esp-radio-esp32s31-wifi-embassy,embassy-adapter-runtime,rust,815,1,6,driver/adapters/embassy/esp32s31/wifi/src/roles/concurrent.rs
driver/adapters/embassy/esp32s31-wifi/src/roles/concurrent/control.rs,driver/adapters/embassy/esp32s31-wifi,open-esp-radio-esp32s31-wifi-embassy,embassy-adapter-runtime,rust,484,1,6,driver/adapters/embassy/esp32s31/wifi/src/roles/concurrent/control.rs
driver/adapters/embassy/esp32s31-wifi/src/roles/concurrent/rx_service.rs,driver/adapters/embassy/esp32s31-wifi,open-esp-radio-esp32s31-wifi-embassy,embassy-adapter-runtime,rust,603,0,0,driver/adapters/embassy/esp32s31/wifi/src/roles/concurrent/rx_service.rs
driver/adapters/embassy/esp32s31-wifi/src/roles/concurrent/station_rx_role.rs,driver/adapters/embassy/esp32s31-wifi,open-esp-radio-esp32s31-wifi-embassy,embassy-adapter-runtime,rust,363,1,1,driver/adapters/embassy/esp32s31/wifi/src/roles/concurrent/station_rx_role.rs
driver/adapters/embassy/esp32s31-wifi/src/roles/esp_now.rs,driver/adapters/embassy/esp32s31-wifi,open-esp-radio-esp32s31-wifi-embassy,embassy-adapter-runtime,rust,34,0,0,driver/adapters/embassy/esp32s31/wifi/src/roles/esp_now.rs
driver/adapters/embassy/esp32s31-wifi/src/roles/esp_now/channel.rs,driver/adapters/embassy/esp32s31-wifi,open-esp-radio-esp32s31-wifi-embassy,embassy-adapter-runtime,rust,94,0,0,driver/adapters/embassy/esp32s31/wifi/src/roles/esp_now/channel.rs
driver/adapters/embassy/esp32s31-wifi/src/roles/esp_now/rx.rs,driver/adapters/embassy/esp32s31-wifi,open-esp-radio-esp32s31-wifi-embassy,embassy-adapter-runtime,rust,298,0,0,driver/adapters/embassy/esp32s31/wifi/src/roles/esp_now/rx.rs
driver/adapters/embassy/esp32s31-wifi/src/roles/esp_now/service.rs,driver/adapters/embassy/esp32s31-wifi,open-esp-radio-esp32s31-wifi-embassy,embassy-adapter-runtime,rust,1800,0,0,driver/adapters/embassy/esp32s31/wifi/src/roles/esp_now/service.rs
driver/adapters/embassy/esp32s31-wifi/src/roles/monitor.rs,driver/adapters/embassy/esp32s31-wifi,open-esp-radio-esp32s31-wifi-embassy,embassy-adapter-runtime,rust,37,0,0,driver/adapters/embassy/esp32s31/wifi/src/roles/monitor.rs
driver/adapters/embassy/esp32s31-wifi/src/roles/monitor/builder.rs,driver/adapters/embassy/esp32s31-wifi,open-esp-radio-esp32s31-wifi-embassy,embassy-adapter-runtime,rust,1024,0,0,driver/adapters/embassy/esp32s31/wifi/src/roles/monitor/builder.rs
driver/adapters/embassy/esp32s31-wifi/src/roles/monitor/control.rs,driver/adapters/embassy/esp32s31-wifi,open-esp-radio-esp32s31-wifi-embassy,embassy-adapter-runtime,rust,307,1,4,driver/adapters/embassy/esp32s31/wifi/src/roles/monitor/control.rs
driver/adapters/embassy/esp32s31-wifi/src/roles/monitor/rx.rs,driver/adapters/embassy/esp32s31-wifi,open-esp-radio-esp32s31-wifi-embassy,embassy-adapter-runtime,rust,276,0,0,driver/adapters/embassy/esp32s31/wifi/src/roles/monitor/rx.rs
driver/adapters/embassy/esp32s31-wifi/src/roles/monitor/service.rs,driver/adapters/embassy/esp32s31-wifi,open-esp-radio-esp32s31-wifi-embassy,embassy-adapter-runtime,rust,723,0,0,driver/adapters/embassy/esp32s31/wifi/src/roles/monitor/service.rs
driver/adapters/embassy/esp32s31-wifi/src/roles/monitor/service/tests.rs,driver/adapters/embassy/esp32s31-wifi,open-esp-radio-esp32s31-wifi-embassy,embassy-adapter-runtime,test-rust,704,0,9,driver/adapters/embassy/esp32s31/wifi/src/roles/monitor/service/tests.rs
driver/adapters/embassy/esp32s31-wifi/src/roles/scan.rs,driver/adapters/embassy/esp32s31-wifi,open-esp-radio-esp32s31-wifi-embassy,embassy-adapter-runtime,rust,6,0,0,driver/adapters/embassy/esp32s31/wifi/src/roles/scan.rs
driver/adapters/embassy/esp32s31-wifi/src/roles/scan/port.rs,driver/adapters/embassy/esp32s31-wifi,open-esp-radio-esp32s31-wifi-embassy,embassy-adapter-runtime,rust,244,0,0,driver/adapters/embassy/esp32s31/wifi/src/roles/scan/port.rs
driver/adapters/embassy/esp32s31-wifi/src/roles/scan/port/bindings.rs,driver/adapters/embassy/esp32s31-wifi,open-esp-radio-esp32s31-wifi-embassy,embassy-adapter-runtime,rust,87,0,0,driver/adapters/embassy/esp32s31/wifi/src/roles/scan/port/bindings.rs
driver/adapters/embassy/esp32s31-wifi/src/roles/scan/port/owner.rs,driver/adapters/embassy/esp32s31-wifi,open-esp-radio-esp32s31-wifi-embassy,embassy-adapter-runtime,rust,94,0,0,driver/adapters/embassy/esp32s31/wifi/src/roles/scan/port/owner.rs
driver/adapters/embassy/esp32s31-wifi/src/roles/scan/port/service.rs,driver/adapters/embassy/esp32s31-wifi,open-esp-radio-esp32s31-wifi-embassy,embassy-adapter-runtime,rust,150,0,0,driver/adapters/embassy/esp32s31/wifi/src/roles/scan/port/service.rs
driver/adapters/embassy/esp32s31-wifi/src/roles/scan/port/tests.rs,driver/adapters/embassy/esp32s31-wifi,open-esp-radio-esp32s31-wifi-embassy,embassy-adapter-runtime,test-rust,300,0,2,driver/adapters/embassy/esp32s31/wifi/src/roles/scan/port/tests.rs
driver/adapters/embassy/esp32s31-wifi/src/roles/scan/rx.rs,driver/adapters/embassy/esp32s31-wifi,open-esp-radio-esp32s31-wifi-embassy,embassy-adapter-runtime,rust,261,0,0,driver/adapters/embassy/esp32s31/wifi/src/roles/scan/rx.rs
driver/adapters/embassy/esp32s31-wifi/src/roles/scan/rx/running.rs,driver/adapters/embassy/esp32s31-wifi,open-esp-radio-esp32s31-wifi-embassy,embassy-adapter-runtime,rust,183,0,0,driver/adapters/embassy/esp32s31/wifi/src/roles/scan/rx/running.rs
driver/adapters/embassy/esp32s31-wifi/src/roles/scan/rx/tests.rs,driver/adapters/embassy/esp32s31-wifi,open-esp-radio-esp32s31-wifi-embassy,embassy-adapter-runtime,test-rust,581,0,9,driver/adapters/embassy/esp32s31/wifi/src/roles/scan/rx/tests.rs
driver/adapters/embassy/esp32s31-wifi/src/roles/scan/target.rs,driver/adapters/embassy/esp32s31-wifi,open-esp-radio-esp32s31-wifi-embassy,embassy-adapter-runtime,rust,95,0,0,driver/adapters/embassy/esp32s31/wifi/src/roles/scan/target.rs
driver/adapters/embassy/esp32s31-wifi/src/roles/station.rs,driver/adapters/embassy/esp32s31-wifi,open-esp-radio-esp32s31-wifi-embassy,embassy-adapter-runtime,rust,121,0,0,driver/adapters/embassy/esp32s31/wifi/src/roles/station.rs
driver/adapters/embassy/esp32s31-wifi/src/roles/station/attempt.rs,driver/adapters/embassy/esp32s31-wifi,open-esp-radio-esp32s31-wifi-embassy,embassy-adapter-runtime,rust,80,0,0,driver/adapters/embassy/esp32s31/wifi/src/roles/station/attempt.rs
driver/adapters/embassy/esp32s31-wifi/src/roles/station/attempt/channel.rs,driver/adapters/embassy/esp32s31-wifi,open-esp-radio-esp32s31-wifi-embassy,embassy-adapter-runtime,rust,46,0,0,driver/adapters/embassy/esp32s31/wifi/src/roles/station/attempt/channel.rs
driver/adapters/embassy/esp32s31-wifi/src/roles/station/attempt/owner.rs,driver/adapters/embassy/esp32s31-wifi,open-esp-radio-esp32s31-wifi-embassy,embassy-adapter-runtime,rust,178,0,0,driver/adapters/embassy/esp32s31/wifi/src/roles/station/attempt/owner.rs
driver/adapters/embassy/esp32s31-wifi/src/roles/station/attempt/port.rs,driver/adapters/embassy/esp32s31-wifi,open-esp-radio-esp32s31-wifi-embassy,embassy-adapter-runtime,rust,29,0,0,driver/adapters/embassy/esp32s31/wifi/src/roles/station/attempt/port.rs
driver/adapters/embassy/esp32s31-wifi/src/roles/station/attempt/resources.rs,driver/adapters/embassy/esp32s31-wifi,open-esp-radio-esp32s31-wifi-embassy,embassy-adapter-runtime,rust,74,0,0,driver/adapters/embassy/esp32s31/wifi/src/roles/station/attempt/resources.rs
driver/adapters/embassy/esp32s31-wifi/src/roles/station/attempt/service.rs,driver/adapters/embassy/esp32s31-wifi,open-esp-radio-esp32s31-wifi-embassy,embassy-adapter-runtime,rust,447,0,0,driver/adapters/embassy/esp32s31/wifi/src/roles/station/attempt/service.rs
driver/adapters/embassy/esp32s31-wifi/src/roles/station/backend.rs,driver/adapters/embassy/esp32s31-wifi,open-esp-radio-esp32s31-wifi-embassy,embassy-adapter-runtime,rust,148,0,0,driver/adapters/embassy/esp32s31/wifi/src/roles/station/backend.rs
driver/adapters/embassy/esp32s31-wifi/src/roles/station/command.rs,driver/adapters/embassy/esp32s31-wifi,open-esp-radio-esp32s31-wifi-embassy,embassy-adapter-runtime,rust,319,0,0,driver/adapters/embassy/esp32s31/wifi/src/roles/station/command.rs
driver/adapters/embassy/esp32s31-wifi/src/roles/station/composer.rs,driver/adapters/embassy/esp32s31-wifi,open-esp-radio-esp32s31-wifi-embassy,embassy-adapter-runtime,rust,1562,1,5,driver/adapters/embassy/esp32s31/wifi/src/roles/station/composer.rs
driver/adapters/embassy/esp32s31-wifi/src/roles/station/connected/assembly.rs,driver/adapters/embassy/esp32s31-wifi,open-esp-radio-esp32s31-wifi-embassy,embassy-adapter-runtime,rust,244,0,0,driver/adapters/embassy/esp32s31/wifi/src/roles/station/connected/assembly.rs
driver/adapters/embassy/esp32s31-wifi/src/roles/station/connected/epoch.rs,driver/adapters/embassy/esp32s31-wifi,open-esp-radio-esp32s31-wifi-embassy,embassy-adapter-runtime,rust,243,0,0,driver/adapters/embassy/esp32s31/wifi/src/roles/station/connected/epoch.rs
driver/adapters/embassy/esp32s31-wifi/src/roles/station/connected/mod.rs,driver/adapters/embassy/esp32s31-wifi,open-esp-radio-esp32s31-wifi-embassy,embassy-adapter-runtime,rust,126,0,0,driver/adapters/embassy/esp32s31/wifi/src/roles/station/connected/mod.rs
driver/adapters/embassy/esp32s31-wifi/src/roles/station/connected/port.rs,driver/adapters/embassy/esp32s31-wifi,open-esp-radio-esp32s31-wifi-embassy,embassy-adapter-runtime,rust,95,0,0,driver/adapters/embassy/esp32s31/wifi/src/roles/station/connected/port.rs
driver/adapters/embassy/esp32s31-wifi/src/roles/station/connected/port/composition.rs,driver/adapters/embassy/esp32s31-wifi,open-esp-radio-esp32s31-wifi-embassy,embassy-adapter-runtime,rust,553,0,0,driver/adapters/embassy/esp32s31/wifi/src/roles/station/connected/port/composition.rs
driver/adapters/embassy/esp32s31-wifi/src/roles/station/connected/port/plan.rs,driver/adapters/embassy/esp32s31-wifi,open-esp-radio-esp32s31-wifi-embassy,embassy-adapter-runtime,rust,605,0,0,driver/adapters/embassy/esp32s31/wifi/src/roles/station/connected/port/plan.rs
driver/adapters/embassy/esp32s31-wifi/src/roles/station/connected/port/resources.rs,driver/adapters/embassy/esp32s31-wifi,open-esp-radio-esp32s31-wifi-embassy,embassy-adapter-runtime,rust,245,0,0,driver/adapters/embassy/esp32s31/wifi/src/roles/station/connected/port/resources.rs
driver/adapters/embassy/esp32s31-wifi/src/roles/station/connected/port/tests.rs,driver/adapters/embassy/esp32s31-wifi,open-esp-radio-esp32s31-wifi-embassy,embassy-adapter-runtime,test-rust,418,0,11,driver/adapters/embassy/esp32s31/wifi/src/roles/station/connected/port/tests.rs
driver/adapters/embassy/esp32s31-wifi/src/roles/station/connected/preparation.rs,driver/adapters/embassy/esp32s31-wifi,open-esp-radio-esp32s31-wifi-embassy,embassy-adapter-runtime,rust,242,0,0,driver/adapters/embassy/esp32s31/wifi/src/roles/station/connected/preparation.rs
driver/adapters/embassy/esp32s31-wifi/src/roles/station/connected/rx_service.rs,driver/adapters/embassy/esp32s31-wifi,open-esp-radio-esp32s31-wifi-embassy,embassy-adapter-runtime,rust,304,0,0,driver/adapters/embassy/esp32s31/wifi/src/roles/station/connected/rx_service.rs
driver/adapters/embassy/esp32s31-wifi/src/roles/station/connected/shutdown.rs,driver/adapters/embassy/esp32s31-wifi,open-esp-radio-esp32s31-wifi-embassy,embassy-adapter-runtime,rust,448,1,3,driver/adapters/embassy/esp32s31/wifi/src/roles/station/connected/shutdown.rs
driver/adapters/embassy/esp32s31-wifi/src/roles/station/connected/start.rs,driver/adapters/embassy/esp32s31-wifi,open-esp-radio-esp32s31-wifi-embassy,embassy-adapter-runtime,rust,464,1,1,driver/adapters/embassy/esp32s31/wifi/src/roles/station/connected/start.rs
driver/adapters/embassy/esp32s31-wifi/src/roles/station/connected/transaction.rs,driver/adapters/embassy/esp32s31-wifi,open-esp-radio-esp32s31-wifi-embassy,embassy-adapter-runtime,rust,605,1,2,driver/adapters/embassy/esp32s31/wifi/src/roles/station/connected/transaction.rs
driver/adapters/embassy/esp32s31-wifi/src/roles/station/control.rs,driver/adapters/embassy/esp32s31-wifi,open-esp-radio-esp32s31-wifi-embassy,embassy-adapter-runtime,rust,1177,0,0,driver/adapters/embassy/esp32s31/wifi/src/roles/station/control.rs
driver/adapters/embassy/esp32s31-wifi/src/roles/station/control_mailbox.rs,driver/adapters/embassy/esp32s31-wifi,open-esp-radio-esp32s31-wifi-embassy,embassy-adapter-runtime,rust,855,1,9,driver/adapters/embassy/esp32s31/wifi/src/roles/station/control_mailbox.rs
driver/adapters/embassy/esp32s31-wifi/src/roles/station/control_tests.rs,driver/adapters/embassy/esp32s31-wifi,open-esp-radio-esp32s31-wifi-embassy,embassy-adapter-runtime,rust,1975,0,24,driver/adapters/embassy/esp32s31/wifi/src/roles/station/control_tests.rs
driver/adapters/embassy/esp32s31-wifi/src/roles/station/epoch.rs,driver/adapters/embassy/esp32s31-wifi,open-esp-radio-esp32s31-wifi-embassy,embassy-adapter-runtime,rust,374,1,1,driver/adapters/embassy/esp32s31/wifi/src/roles/station/epoch.rs
driver/adapters/embassy/esp32s31-wifi/src/roles/station/esp_now_mailbox.rs,driver/adapters/embassy/esp32s31-wifi,open-esp-radio-esp32s31-wifi-embassy,embassy-adapter-runtime,rust,536,0,0,driver/adapters/embassy/esp32s31/wifi/src/roles/station/esp_now_mailbox.rs
driver/adapters/embassy/esp32s31-wifi/src/roles/station/esp_now_tx.rs,driver/adapters/embassy/esp32s31-wifi,open-esp-radio-esp32s31-wifi-embassy,embassy-adapter-runtime,rust,1315,0,0,driver/adapters/embassy/esp32s31/wifi/src/roles/station/esp_now_tx.rs
driver/adapters/embassy/esp32s31-wifi/src/roles/station/join.rs,driver/adapters/embassy/esp32s31-wifi,open-esp-radio-esp32s31-wifi-embassy,embassy-adapter-runtime,rust,283,0,0,driver/adapters/embassy/esp32s31/wifi/src/roles/station/join.rs
driver/adapters/embassy/esp32s31-wifi/src/roles/station/join_port.rs,driver/adapters/embassy/esp32s31-wifi,open-esp-radio-esp32s31-wifi-embassy,embassy-adapter-runtime,rust,18,0,0,driver/adapters/embassy/esp32s31/wifi/src/roles/station/join_port.rs
driver/adapters/embassy/esp32s31-wifi/src/roles/station/join_port/owner.rs,driver/adapters/embassy/esp32s31-wifi,open-esp-radio-esp32s31-wifi-embassy,embassy-adapter-runtime,rust,41,0,0,driver/adapters/embassy/esp32s31/wifi/src/roles/station/join_port/owner.rs
driver/adapters/embassy/esp32s31-wifi/src/roles/station/join_port/resources.rs,driver/adapters/embassy/esp32s31-wifi,open-esp-radio-esp32s31-wifi-embassy,embassy-adapter-runtime,rust,71,0,0,driver/adapters/embassy/esp32s31/wifi/src/roles/station/join_port/resources.rs
driver/adapters/embassy/esp32s31-wifi/src/roles/station/join_port/rx.rs,driver/adapters/embassy/esp32s31-wifi,open-esp-radio-esp32s31-wifi-embassy,embassy-adapter-runtime,rust,112,0,0,driver/adapters/embassy/esp32s31/wifi/src/roles/station/join_port/rx.rs
driver/adapters/embassy/esp32s31-wifi/src/roles/station/join_port/service.rs,driver/adapters/embassy/esp32s31-wifi,open-esp-radio-esp32s31-wifi-embassy,embassy-adapter-runtime,rust,121,0,0,driver/adapters/embassy/esp32s31/wifi/src/roles/station/join_port/service.rs
driver/adapters/embassy/esp32s31-wifi/src/roles/station/join_port/tests.rs,driver/adapters/embassy/esp32s31-wifi,open-esp-radio-esp32s31-wifi-embassy,embassy-adapter-runtime,test-rust,225,0,1,driver/adapters/embassy/esp32s31/wifi/src/roles/station/join_port/tests.rs
driver/adapters/embassy/esp32s31-wifi/src/roles/station/join_time.rs,driver/adapters/embassy/esp32s31-wifi,open-esp-radio-esp32s31-wifi-embassy,embassy-adapter-runtime,rust,21,0,0,driver/adapters/embassy/esp32s31/wifi/src/roles/station/join_time.rs
driver/adapters/embassy/esp32s31-wifi/src/roles/station/lifecycle.rs,driver/adapters/embassy/esp32s31-wifi,open-esp-radio-esp32s31-wifi-embassy,embassy-adapter-runtime,rust,308,0,0,driver/adapters/embassy/esp32s31/wifi/src/roles/station/lifecycle.rs
driver/adapters/embassy/esp32s31-wifi/src/roles/station/network.rs,driver/adapters/embassy/esp32s31-wifi,open-esp-radio-esp32s31-wifi-embassy,embassy-adapter-runtime,rust,311,1,1,driver/adapters/embassy/esp32s31/wifi/src/roles/station/network.rs
driver/adapters/embassy/esp32s31-wifi/src/roles/station/reclaim.rs,driver/adapters/embassy/esp32s31-wifi,open-esp-radio-esp32s31-wifi-embassy,embassy-adapter-runtime,rust,864,0,0,driver/adapters/embassy/esp32s31/wifi/src/roles/station/reclaim.rs
driver/adapters/embassy/esp32s31-wifi/src/roles/station/resources.rs,driver/adapters/embassy/esp32s31-wifi,open-esp-radio-esp32s31-wifi-embassy,embassy-adapter-runtime,rust,273,1,1,driver/adapters/embassy/esp32s31/wifi/src/roles/station/resources.rs
driver/adapters/embassy/esp32s31-wifi/src/roles/station/runtime.rs,driver/adapters/embassy/esp32s31-wifi,open-esp-radio-esp32s31-wifi-embassy,embassy-adapter-runtime,rust,1523,0,0,driver/adapters/embassy/esp32s31/wifi/src/roles/station/runtime.rs
driver/adapters/embassy/esp32s31-wifi/src/roles/station/rx_protocol.rs,driver/adapters/embassy/esp32s31-wifi,open-esp-radio-esp32s31-wifi-embassy,embassy-adapter-runtime,rust,523,0,0,driver/adapters/embassy/esp32s31/wifi/src/roles/station/rx_protocol.rs
driver/adapters/embassy/esp32s31-wifi/src/roles/station/rx_protocol/dispatch.rs,driver/adapters/embassy/esp32s31-wifi,open-esp-radio-esp32s31-wifi-embassy,embassy-adapter-runtime,rust,491,0,0,driver/adapters/embassy/esp32s31/wifi/src/roles/station/rx_protocol/dispatch.rs
driver/adapters/embassy/esp32s31-wifi/src/roles/station/rx_protocol/owner.rs,driver/adapters/embassy/esp32s31-wifi,open-esp-radio-esp32s31-wifi-embassy,embassy-adapter-runtime,rust,500,0,0,driver/adapters/embassy/esp32s31/wifi/src/roles/station/rx_protocol/owner.rs
driver/adapters/embassy/esp32s31-wifi/src/roles/station/rx_protocol/reorder.rs,driver/adapters/embassy/esp32s31-wifi,open-esp-radio-esp32s31-wifi-embassy,embassy-adapter-runtime,rust,620,0,0,driver/adapters/embassy/esp32s31/wifi/src/roles/station/rx_protocol/reorder.rs
driver/adapters/embassy/esp32s31-wifi/src/roles/station/rx_protocol/scheduler.rs,driver/adapters/embassy/esp32s31-wifi,open-esp-radio-esp32s31-wifi-embassy,embassy-adapter-runtime,rust,156,0,0,driver/adapters/embassy/esp32s31/wifi/src/roles/station/rx_protocol/scheduler.rs
driver/adapters/embassy/esp32s31-wifi/src/roles/station/rx_protocol/tests.rs,driver/adapters/embassy/esp32s31-wifi,open-esp-radio-esp32s31-wifi-embassy,embassy-adapter-runtime,test-rust,202,0,7,driver/adapters/embassy/esp32s31/wifi/src/roles/station/rx_protocol/tests.rs
driver/adapters/embassy/esp32s31-wifi/src/roles/station/scan.rs,driver/adapters/embassy/esp32s31-wifi,open-esp-radio-esp32s31-wifi-embassy,embassy-adapter-runtime,rust,626,1,2,driver/adapters/embassy/esp32s31/wifi/src/roles/station/scan.rs
driver/adapters/embassy/esp32s31-wifi/src/roles/station/teardown.rs,driver/adapters/embassy/esp32s31-wifi,open-esp-radio-esp32s31-wifi-embassy,embassy-adapter-runtime,rust,579,1,3,driver/adapters/embassy/esp32s31/wifi/src/roles/station/teardown.rs
driver/adapters/embassy/esp32s31-wifi/src/roles/station/tests.rs,driver/adapters/embassy/esp32s31-wifi,open-esp-radio-esp32s31-wifi-embassy,embassy-adapter-runtime,test-rust,304,0,11,driver/adapters/embassy/esp32s31/wifi/src/roles/station/tests.rs
driver/adapters/embassy/esp32s31-wifi/src/roles/station/tx.rs,driver/adapters/embassy/esp32s31-wifi,open-esp-radio-esp32s31-wifi-embassy,embassy-adapter-runtime,rust,395,0,0,driver/adapters/embassy/esp32s31/wifi/src/roles/station/tx.rs
driver/adapters/embassy/esp32s31-wifi/src/roles/station/tx/adapters.rs,driver/adapters/embassy/esp32s31-wifi,open-esp-radio-esp32s31-wifi-embassy,embassy-adapter-runtime,rust,403,0,0,driver/adapters/embassy/esp32s31/wifi/src/roles/station/tx/adapters.rs
driver/adapters/embassy/esp32s31-wifi/src/roles/station/tx/completion.rs,driver/adapters/embassy/esp32s31-wifi,open-esp-radio-esp32s31-wifi-embassy,embassy-adapter-runtime,rust,340,0,0,driver/adapters/embassy/esp32s31/wifi/src/roles/station/tx/completion.rs
driver/adapters/embassy/esp32s31-wifi/src/roles/station/tx/owner.rs,driver/adapters/embassy/esp32s31-wifi,open-esp-radio-esp32s31-wifi-embassy,embassy-adapter-runtime,rust,706,0,0,driver/adapters/embassy/esp32s31/wifi/src/roles/station/tx/owner.rs
driver/adapters/embassy/esp32s31-wifi/src/roles/station/tx/publication.rs,driver/adapters/embassy/esp32s31-wifi,open-esp-radio-esp32s31-wifi-embassy,embassy-adapter-runtime,rust,1093,0,0,driver/adapters/embassy/esp32s31/wifi/src/roles/station/tx/publication.rs
driver/adapters/embassy/esp32s31-wifi/src/roles/station/tx/resources.rs,driver/adapters/embassy/esp32s31-wifi,open-esp-radio-esp32s31-wifi-embassy,embassy-adapter-runtime,rust,145,0,0,driver/adapters/embassy/esp32s31/wifi/src/roles/station/tx/resources.rs
driver/adapters/embassy/esp32s31-wifi/src/roles/station/tx/tests.rs,driver/adapters/embassy/esp32s31-wifi,open-esp-radio-esp32s31-wifi-embassy,embassy-adapter-runtime,test-rust,1984,0,20,driver/adapters/embassy/esp32s31/wifi/src/roles/station/tx/tests.rs
driver/adapters/embassy/esp32s31-wifi/src/roles/station/tx_epoch.rs,driver/adapters/embassy/esp32s31-wifi,open-esp-radio-esp32s31-wifi-embassy,embassy-adapter-runtime,rust,92,0,0,driver/adapters/embassy/esp32s31/wifi/src/roles/station/tx_epoch.rs
driver/adapters/embassy/esp32s31-wifi/src/roles/station/tx_service.rs,driver/adapters/embassy/esp32s31-wifi,open-esp-radio-esp32s31-wifi-embassy,embassy-adapter-runtime,rust,65,0,0,driver/adapters/embassy/esp32s31/wifi/src/roles/station/tx_service.rs
driver/adapters/embassy/esp32s31-wifi/src/roles/station/wpa2_port.rs,driver/adapters/embassy/esp32s31-wifi,open-esp-radio-esp32s31-wifi-embassy,embassy-adapter-runtime,rust,125,0,0,driver/adapters/embassy/esp32s31/wifi/src/roles/station/wpa2_port.rs
driver/adapters/embassy/esp32s31-wifi/src/roles/station/wpa2_time.rs,driver/adapters/embassy/esp32s31-wifi,open-esp-radio-esp32s31-wifi-embassy,embassy-adapter-runtime,rust,24,0,0,driver/adapters/embassy/esp32s31/wifi/src/roles/station/wpa2_time.rs
driver/adapters/embassy/esp32s31-wifi/tests/owned_datapath_network.rs,driver/adapters/embassy/esp32s31-wifi,open-esp-radio-esp32s31-wifi-embassy,embassy-adapter-runtime,test-rust,286,0,5,driver/adapters/embassy/esp32s31/wifi/tests/owned_datapath_network.rs
driver/adapters/embassy/wifi/Cargo.toml,driver/adapters/embassy/wifi,open-esp-radio-wifi-embassy,embassy-adapter-runtime,manifest,25,0,0,driver/adapters/embassy/wifi/Cargo.toml
driver/adapters/embassy/wifi/src/connected_tasks.rs,driver/adapters/embassy/wifi,open-esp-radio-wifi-embassy,embassy-adapter-runtime,rust,446,1,9,driver/adapters/embassy/wifi/src/connected_tasks.rs
driver/adapters/embassy/wifi/src/lib.rs,driver/adapters/embassy/wifi,open-esp-radio-wifi-embassy,embassy-adapter-runtime,rust,531,1,7,driver/adapters/embassy/wifi/src/lib.rs
driver/adapters/embassy/wifi/src/monitor_injection.rs,driver/adapters/embassy/wifi,open-esp-radio-wifi-embassy,embassy-adapter-runtime,rust,691,0,0,driver/adapters/embassy/wifi/src/monitor_injection.rs
driver/adapters/embassy/wifi/src/stack_boundary.rs,driver/adapters/embassy/wifi,open-esp-radio-wifi-embassy,embassy-adapter-runtime,rust,57,0,0,driver/adapters/embassy/wifi/src/stack_boundary.rs
driver/adapters/embassy/wifi/src/station_network.rs,driver/adapters/embassy/wifi,open-esp-radio-wifi-embassy,embassy-adapter-runtime,rust,177,1,1,driver/adapters/embassy/wifi/src/station_network.rs
driver/adapters/esp-hal/esp32s31-ieee802154/Cargo.toml,driver/adapters/esp-hal/esp32s31-ieee802154,open-esp-radio-esp32s31-ieee802154-esp-hal,esp-hal-binding,manifest,28,0,0,driver/adapters/esp-hal/esp32s31/ieee802154/Cargo.toml
driver/adapters/esp-hal/esp32s31-ieee802154/src/lib.rs,driver/adapters/esp-hal/esp32s31-ieee802154,open-esp-radio-esp32s31-ieee802154-esp-hal,esp-hal-binding,rust,182,0,0,driver/adapters/esp-hal/esp32s31/ieee802154/src/lib.rs
driver/adapters/esp-hal/esp32s31-radio-platform/Cargo.toml,driver/adapters/esp-hal/esp32s31-radio-platform,open-esp-radio-esp32s31-radio-platform-esp-hal,esp-hal-binding,manifest,27,0,0,driver/adapters/esp-hal/esp32s31/radio/Cargo.toml
driver/adapters/esp-hal/esp32s31-radio-platform/README.md,driver/adapters/esp-hal/esp32s31-radio-platform,open-esp-radio-esp32s31-radio-platform-esp-hal,esp-hal-binding,documentation,52,0,0,driver/adapters/esp-hal/esp32s31/radio/README.md
driver/adapters/esp-hal/esp32s31-radio-platform/src/bluetooth_address.rs,driver/adapters/esp-hal/esp32s31-radio-platform,open-esp-radio-esp32s31-radio-platform-esp-hal,esp-hal-binding,rust,30,1,1,driver/adapters/esp-hal/esp32s31/radio/src/bluetooth_address.rs
driver/adapters/esp-hal/esp32s31-radio-platform/src/bluetooth_interrupt.rs,driver/adapters/esp-hal/esp32s31-radio-platform,open-esp-radio-esp32s31-radio-platform-esp-hal,esp-hal-binding,rust,796,0,0,driver/adapters/esp-hal/esp32s31/radio/src/bluetooth_interrupt.rs
driver/adapters/esp-hal/esp32s31-radio-platform/src/bluetooth_route_policy.rs,driver/adapters/esp-hal/esp32s31-radio-platform,open-esp-radio-esp32s31-radio-platform-esp-hal,esp-hal-binding,rust,265,1,6,driver/adapters/esp-hal/esp32s31/radio/src/bluetooth_route_policy.rs
driver/adapters/esp-hal/esp32s31-radio-platform/src/coordinator.rs,driver/adapters/esp-hal/esp32s31-radio-platform,open-esp-radio-esp32s31-radio-platform-esp-hal,esp-hal-binding,rust,94,1,1,driver/adapters/esp-hal/esp32s31/radio/src/coordinator.rs
driver/adapters/esp-hal/esp32s31-radio-platform/src/esp32s31.rs,driver/adapters/esp-hal/esp32s31-radio-platform,open-esp-radio-esp32s31-radio-platform-esp-hal,esp-hal-binding,rust,124,0,0,driver/adapters/esp-hal/esp32s31/radio/src/esp32s31.rs
driver/adapters/esp-hal/esp32s31-radio-platform/src/lib.rs,driver/adapters/esp-hal/esp32s31-radio-platform,open-esp-radio-esp32s31-radio-platform-esp-hal,esp-hal-binding,rust,52,0,0,driver/adapters/esp-hal/esp32s31/radio/src/lib.rs
driver/adapters/esp-hal/esp32s31-wifi/Cargo.toml,driver/adapters/esp-hal/esp32s31-wifi,open-esp-radio-esp32s31-wifi-esp-hal,esp-hal-binding,manifest,32,0,0,driver/adapters/esp-hal/esp32s31/wifi/Cargo.toml
driver/adapters/esp-hal/esp32s31-wifi/src/lib.rs,driver/adapters/esp-hal/esp32s31-wifi,open-esp-radio-esp32s31-wifi-esp-hal,esp-hal-binding,rust,156,0,0,driver/adapters/esp-hal/esp32s31/wifi/src/lib.rs
driver/adapters/esp-hal/esp32s31-wifi/src/mac_interrupt_epoch.rs,driver/adapters/esp-hal/esp32s31-wifi,open-esp-radio-esp32s31-wifi-esp-hal,esp-hal-binding,rust,246,0,0,driver/adapters/esp-hal/esp32s31/wifi/src/mac_interrupt_epoch.rs
driver/adapters/research/Cargo.toml,driver/adapters/research,open-esp-radio-research-datapath,network-adapter,manifest,16,0,0,driver/adapters/network/research/Cargo.toml
driver/adapters/research/README.md,driver/adapters/research,open-esp-radio-research-datapath,network-adapter,documentation,38,0,0,driver/adapters/network/research/README.md
driver/adapters/research/src/address.rs,driver/adapters/research,open-esp-radio-research-datapath,network-adapter,rust,54,0,0,driver/adapters/network/research/src/address.rs
driver/adapters/research/src/checksum.rs,driver/adapters/research,open-esp-radio-research-datapath,network-adapter,rust,57,1,1,driver/adapters/network/research/src/checksum.rs
driver/adapters/research/src/engine.rs,driver/adapters/research,open-esp-radio-research-datapath,network-adapter,rust,759,1,6,driver/adapters/network/research/src/engine.rs
driver/adapters/research/src/lib.rs,driver/adapters/research,open-esp-radio-research-datapath,network-adapter,rust,27,0,0,driver/adapters/network/research/src/lib.rs
driver/adapters/research/src/physical.rs,driver/adapters/research,open-esp-radio-research-datapath,network-adapter,rust,504,1,3,driver/adapters/network/research/src/physical.rs
driver/adapters/research/src/work.rs,driver/adapters/research,open-esp-radio-research-datapath,network-adapter,rust,323,0,0,driver/adapters/network/research/src/work.rs
driver/bluetooth/hci/Cargo.toml,driver/bluetooth/hci,open-esp-radio-bluetooth-hci,portable-bluetooth,manifest,22,0,0,driver/bluetooth/hci/Cargo.toml
driver/bluetooth/hci/src/bootstrap.rs,driver/bluetooth/hci,open-esp-radio-bluetooth-hci,portable-bluetooth,rust,1240,1,8,driver/bluetooth/hci/src/bootstrap.rs
driver/bluetooth/hci/src/channel.rs,driver/bluetooth/hci,open-esp-radio-bluetooth-hci,portable-bluetooth,rust,1693,1,18,driver/bluetooth/hci/src/channel.rs
driver/bluetooth/hci/src/classification.rs,driver/bluetooth/hci,open-esp-radio-bluetooth-hci,portable-bluetooth,rust,450,1,10,driver/bluetooth/hci/src/classification.rs
driver/bluetooth/hci/src/dtm.rs,driver/bluetooth/hci,open-esp-radio-bluetooth-hci,portable-bluetooth,rust,1102,1,10,driver/bluetooth/hci/src/dtm.rs
driver/bluetooth/hci/src/dtm_order.rs,driver/bluetooth/hci,open-esp-radio-bluetooth-hci,portable-bluetooth,rust,3331,1,22,driver/bluetooth/hci/src/dtm_order.rs
driver/bluetooth/hci/src/legacy_advertising.rs,driver/bluetooth/hci,open-esp-radio-bluetooth-hci,portable-bluetooth,rust,1243,1,9,driver/bluetooth/hci/src/legacy_advertising.rs
driver/bluetooth/hci/src/legacy_scanning.rs,driver/bluetooth/hci,open-esp-radio-bluetooth-hci,portable-bluetooth,rust,823,1,8,driver/bluetooth/hci/src/legacy_scanning.rs
driver/bluetooth/hci/src/lib.rs,driver/bluetooth/hci,open-esp-radio-bluetooth-hci,portable-bluetooth,rust,507,1,6,driver/bluetooth/hci/src/lib.rs
driver/bluetooth/hci/src/resources.rs,driver/bluetooth/hci,open-esp-radio-bluetooth-hci,portable-bluetooth,rust,757,1,6,driver/bluetooth/hci/src/resources.rs
driver/bluetooth/hci/src/response.rs,driver/bluetooth/hci,open-esp-radio-bluetooth-hci,portable-bluetooth,rust,206,1,1,driver/bluetooth/hci/src/response.rs
driver/bluetooth/ll/Cargo.toml,driver/bluetooth/ll,open-esp-radio-bluetooth-ll,portable-bluetooth,manifest,13,0,0,driver/bluetooth/ll/Cargo.toml
driver/bluetooth/ll/src/address.rs,driver/bluetooth/ll,open-esp-radio-bluetooth-ll,portable-bluetooth,rust,38,0,0,driver/bluetooth/ll/src/address.rs
driver/bluetooth/ll/src/advertiser.rs,driver/bluetooth/ll,open-esp-radio-bluetooth-ll,portable-bluetooth,rust,549,1,5,driver/bluetooth/ll/src/advertiser.rs
driver/bluetooth/ll/src/advertising.rs,driver/bluetooth/ll,open-esp-radio-bluetooth-ll,portable-bluetooth,rust,668,1,6,driver/bluetooth/ll/src/advertising.rs
driver/bluetooth/ll/src/advertising_lifecycle.rs,driver/bluetooth/ll,open-esp-radio-bluetooth-ll,portable-bluetooth,rust,104,0,0,driver/bluetooth/ll/src/advertising_lifecycle.rs
driver/bluetooth/ll/src/connectable_advertising.rs,driver/bluetooth/ll,open-esp-radio-bluetooth-ll,portable-bluetooth,rust,939,1,7,driver/bluetooth/ll/src/connectable_advertising.rs
driver/bluetooth/ll/src/connection.rs,driver/bluetooth/ll,open-esp-radio-bluetooth-ll,portable-bluetooth,rust,1375,1,14,driver/bluetooth/ll/src/connection.rs
driver/bluetooth/ll/src/lib.rs,driver/bluetooth/ll,open-esp-radio-bluetooth-ll,portable-bluetooth,rust,20,0,0,driver/bluetooth/ll/src/lib.rs
driver/bluetooth/ll/src/scanning.rs,driver/bluetooth/ll,open-esp-radio-bluetooth-ll,portable-bluetooth,rust,508,1,4,driver/bluetooth/ll/src/scanning.rs
driver/chips/esp32s31/bluetooth/Cargo.toml,driver/chips/esp32s31/bluetooth,open-esp-radio-esp32s31-bluetooth,chip-bluetooth,manifest,33,0,0,driver/chips/esp32s31/bluetooth/Cargo.toml
driver/chips/esp32s31/bluetooth/FEATURES.md,driver/chips/esp32s31/bluetooth,open-esp-radio-esp32s31-bluetooth,chip-bluetooth,documentation,91,0,0,driver/chips/esp32s31/bluetooth/FEATURES.md
driver/chips/esp32s31/bluetooth/memory/Cargo.toml,driver/chips/esp32s31/bluetooth/memory,open-esp-radio-esp32s31-bluetooth-memory,chip-bluetooth,manifest,19,0,0,driver/chips/esp32s31/bluetooth/memory/Cargo.toml
driver/chips/esp32s31/bluetooth/memory/src/ble_phy_engine.rs,driver/chips/esp32s31/bluetooth/memory,open-esp-radio-esp32s31-bluetooth-memory,chip-bluetooth,rust,535,1,2,driver/chips/esp32s31/bluetooth/memory/src/ble_phy_engine.rs
driver/chips/esp32s31/bluetooth/memory/src/connectable_advertising_memory.rs,driver/chips/esp32s31/bluetooth/memory,open-esp-radio-esp32s31-bluetooth-memory,chip-bluetooth,rust,2167,1,15,driver/chips/esp32s31/bluetooth/memory/src/connectable_advertising_memory.rs
driver/chips/esp32s31/bluetooth/memory/src/connectable_advertising_memory/codec.rs,driver/chips/esp32s31/bluetooth/memory,open-esp-radio-esp32s31-bluetooth-memory,chip-bluetooth,rust,647,0,0,driver/chips/esp32s31/bluetooth/memory/src/connectable_advertising_memory/codec.rs
driver/chips/esp32s31/bluetooth/memory/src/direction_finding_workspace.rs,driver/chips/esp32s31/bluetooth/memory,open-esp-radio-esp32s31-bluetooth-memory,chip-bluetooth,rust,327,1,2,driver/chips/esp32s31/bluetooth/memory/src/direction_finding_workspace.rs
driver/chips/esp32s31/bluetooth/memory/src/dtm_event_image.rs,driver/chips/esp32s31/bluetooth/memory,open-esp-radio-esp32s31-bluetooth-memory,chip-bluetooth,rust,503,0,0,driver/chips/esp32s31/bluetooth/memory/src/dtm_event_image.rs
driver/chips/esp32s31/bluetooth/memory/src/dtm_rx_result.rs,driver/chips/esp32s31/bluetooth/memory,open-esp-radio-esp32s31-bluetooth-memory,chip-bluetooth,rust,61,0,0,driver/chips/esp32s31/bluetooth/memory/src/dtm_rx_result.rs
driver/chips/esp32s31/bluetooth/memory/src/dtm_storage.rs,driver/chips/esp32s31/bluetooth/memory,open-esp-radio-esp32s31-bluetooth-memory,chip-bluetooth,rust,2015,1,21,driver/chips/esp32s31/bluetooth/memory/src/dtm_storage.rs
driver/chips/esp32s31/bluetooth/memory/src/dtm_storage/codec.rs,driver/chips/esp32s31/bluetooth/memory,open-esp-radio-esp32s31-bluetooth-memory,chip-bluetooth,rust,1246,0,0,driver/chips/esp32s31/bluetooth/memory/src/dtm_storage/codec.rs
driver/chips/esp32s31/bluetooth/memory/src/le_phy_packet.rs,driver/chips/esp32s31/bluetooth/memory,open-esp-radio-esp32s31-bluetooth-memory,chip-bluetooth,rust,41,0,0,driver/chips/esp32s31/bluetooth/memory/src/le_phy_packet.rs
driver/chips/esp32s31/bluetooth/memory/src/le_rx_packet.rs,driver/chips/esp32s31/bluetooth/memory,open-esp-radio-esp32s31-bluetooth-memory,chip-bluetooth,rust,442,0,0,driver/chips/esp32s31/bluetooth/memory/src/le_rx_packet.rs
driver/chips/esp32s31/bluetooth/memory/src/le_tx_packet.rs,driver/chips/esp32s31/bluetooth/memory,open-esp-radio-esp32s31-bluetooth-memory,chip-bluetooth,rust,512,1,3,driver/chips/esp32s31/bluetooth/memory/src/le_tx_packet.rs
driver/chips/esp32s31/bluetooth/memory/src/le_tx_power.rs,driver/chips/esp32s31/bluetooth/memory,open-esp-radio-esp32s31-bluetooth-memory,chip-bluetooth,rust,68,1,1,driver/chips/esp32s31/bluetooth/memory/src/le_tx_power.rs
driver/chips/esp32s31/bluetooth/memory/src/legacy_advertising_event_image.rs,driver/chips/esp32s31/bluetooth/memory,open-esp-radio-esp32s31-bluetooth-memory,chip-bluetooth,rust,250,0,0,driver/chips/esp32s31/bluetooth/memory/src/legacy_advertising_event_image.rs
driver/chips/esp32s31/bluetooth/memory/src/legacy_advertising_storage.rs,driver/chips/esp32s31/bluetooth/memory,open-esp-radio-esp32s31-bluetooth-memory,chip-bluetooth,rust,1606,1,8,driver/chips/esp32s31/bluetooth/memory/src/legacy_advertising_storage.rs
driver/chips/esp32s31/bluetooth/memory/src/lib.rs,driver/chips/esp32s31/bluetooth/memory,open-esp-radio-esp32s31-bluetooth-memory,chip-bluetooth,rust,259,0,0,driver/chips/esp32s31/bluetooth/memory/src/lib.rs
driver/chips/esp32s31/bluetooth/memory/src/non_scanning_rx_memory.rs,driver/chips/esp32s31/bluetooth/memory,open-esp-radio-esp32s31-bluetooth-memory,chip-bluetooth,rust,445,1,4,driver/chips/esp32s31/bluetooth/memory/src/non_scanning_rx_memory.rs
driver/chips/esp32s31/bluetooth/memory/src/passive_scanning_event_image.rs,driver/chips/esp32s31/bluetooth/memory,open-esp-radio-esp32s31-bluetooth-memory,chip-bluetooth,rust,310,1,1,driver/chips/esp32s31/bluetooth/memory/src/passive_scanning_event_image.rs
driver/chips/esp32s31/bluetooth/memory/src/passive_scanning_memory.rs,driver/chips/esp32s31/bluetooth/memory,open-esp-radio-esp32s31-bluetooth-memory,chip-bluetooth,rust,1490,1,5,driver/chips/esp32s31/bluetooth/memory/src/passive_scanning_memory.rs
driver/chips/esp32s31/bluetooth/memory/src/peripheral_connection_memory.rs,driver/chips/esp32s31/bluetooth/memory,open-esp-radio-esp32s31-bluetooth-memory,chip-bluetooth,rust,2057,1,10,driver/chips/esp32s31/bluetooth/memory/src/peripheral_connection_memory.rs
driver/chips/esp32s31/bluetooth/memory/src/peripheral_connection_memory/codec.rs,driver/chips/esp32s31/bluetooth/memory,open-esp-radio-esp32s31-bluetooth-memory,chip-bluetooth,rust,814,0,0,driver/chips/esp32s31/bluetooth/memory/src/peripheral_connection_memory/codec.rs
driver/chips/esp32s31/bluetooth/memory/src/rx_memory_list.rs,driver/chips/esp32s31/bluetooth/memory,open-esp-radio-esp32s31-bluetooth-memory,chip-bluetooth,rust,54,1,1,driver/chips/esp32s31/bluetooth/memory/src/rx_memory_list.rs
driver/chips/esp32s31/bluetooth/memory/src/scheduler_context.rs,driver/chips/esp32s31/bluetooth/memory,open-esp-radio-esp32s31-bluetooth-memory,chip-bluetooth,rust,40,0,0,driver/chips/esp32s31/bluetooth/memory/src/scheduler_context.rs
driver/chips/esp32s31/bluetooth/memory/src/sram_link.rs,driver/chips/esp32s31/bluetooth/memory,open-esp-radio-esp32s31-bluetooth-memory,chip-bluetooth,rust,65,0,0,driver/chips/esp32s31/bluetooth/memory/src/sram_link.rs
driver/chips/esp32s31/bluetooth/src/baseband.rs,driver/chips/esp32s31/bluetooth,open-esp-radio-esp32s31-bluetooth,chip-bluetooth,rust,141,1,1,driver/chips/esp32s31/bluetooth/src/baseband.rs
driver/chips/esp32s31/bluetooth/src/ble_phy.rs,driver/chips/esp32s31/bluetooth,open-esp-radio-esp32s31-bluetooth,chip-bluetooth,rust,388,1,3,driver/chips/esp32s31/bluetooth/src/ble_phy.rs
driver/chips/esp32s31/bluetooth/src/clock.rs,driver/chips/esp32s31/bluetooth,open-esp-radio-esp32s31-bluetooth,chip-bluetooth,rust,608,1,4,driver/chips/esp32s31/bluetooth/src/clock.rs
driver/chips/esp32s31/bluetooth/src/common_phy_state.rs,driver/chips/esp32s31/bluetooth,open-esp-radio-esp32s31-bluetooth,chip-bluetooth,rust,101,0,0,driver/chips/esp32s31/bluetooth/src/common_phy_state.rs
driver/chips/esp32s31/bluetooth/src/connectable_advertising.rs,driver/chips/esp32s31/bluetooth,open-esp-radio-esp32s31-bluetooth,chip-bluetooth,rust,2565,1,11,driver/chips/esp32s31/bluetooth/src/connectable_advertising.rs
driver/chips/esp32s31/bluetooth/src/controller_hal.rs,driver/chips/esp32s31/bluetooth,open-esp-radio-esp32s31-bluetooth,chip-bluetooth,rust,116,0,0,driver/chips/esp32s31/bluetooth/src/controller_hal.rs
driver/chips/esp32s31/bluetooth/src/controller_start.rs,driver/chips/esp32s31/bluetooth,open-esp-radio-esp32s31-bluetooth,chip-bluetooth,rust,4896,1,1,driver/chips/esp32s31/bluetooth/src/controller_start.rs
driver/chips/esp32s31/bluetooth/src/controller_start/connectable_advertising.rs,driver/chips/esp32s31/bluetooth,open-esp-radio-esp32s31-bluetooth,chip-bluetooth,rust,688,0,0,driver/chips/esp32s31/bluetooth/src/controller_start/connectable_advertising.rs
driver/chips/esp32s31/bluetooth/src/controller_start/peripheral_connection.rs,driver/chips/esp32s31/bluetooth,open-esp-radio-esp32s31-bluetooth,chip-bluetooth,rust,743,0,0,driver/chips/esp32s31/bluetooth/src/controller_start/peripheral_connection.rs
driver/chips/esp32s31/bluetooth/src/controller_start/scheduler_service.rs,driver/chips/esp32s31/bluetooth,open-esp-radio-esp32s31-bluetooth,chip-bluetooth,rust,460,0,0,driver/chips/esp32s31/bluetooth/src/controller_start/scheduler_service.rs
driver/chips/esp32s31/bluetooth/src/controller_start/scheduler_service/connectable_advertising.rs,driver/chips/esp32s31/bluetooth,open-esp-radio-esp32s31-bluetooth,chip-bluetooth,rust,307,0,0,driver/chips/esp32s31/bluetooth/src/controller_start/scheduler_service/connectable_advertising.rs
driver/chips/esp32s31/bluetooth/src/controller_start/scheduler_service/connection.rs,driver/chips/esp32s31/bluetooth,open-esp-radio-esp32s31-bluetooth,chip-bluetooth,rust,117,0,0,driver/chips/esp32s31/bluetooth/src/controller_start/scheduler_service/connection.rs
driver/chips/esp32s31/bluetooth/src/controller_start/scheduler_service/dtm.rs,driver/chips/esp32s31/bluetooth,open-esp-radio-esp32s31-bluetooth,chip-bluetooth,rust,287,0,0,driver/chips/esp32s31/bluetooth/src/controller_start/scheduler_service/dtm.rs
driver/chips/esp32s31/bluetooth/src/controller_start/scheduler_service/single_item.rs,driver/chips/esp32s31/bluetooth,open-esp-radio-esp32s31-bluetooth,chip-bluetooth,rust,562,0,0,driver/chips/esp32s31/bluetooth/src/controller_start/scheduler_service/single_item.rs
driver/chips/esp32s31/bluetooth/src/controller_start/timed_preparation.rs,driver/chips/esp32s31/bluetooth,open-esp-radio-esp32s31-bluetooth,chip-bluetooth,rust,568,1,6,driver/chips/esp32s31/bluetooth/src/controller_start/timed_preparation.rs
driver/chips/esp32s31/bluetooth/src/controller_time.rs,driver/chips/esp32s31/bluetooth,open-esp-radio-esp32s31-bluetooth,chip-bluetooth,rust,1423,1,19,driver/chips/esp32s31/bluetooth/src/controller_time.rs
driver/chips/esp32s31/bluetooth/src/dtm_active.rs,driver/chips/esp32s31/bluetooth,open-esp-radio-esp32s31-bluetooth,chip-bluetooth,rust,2026,0,0,driver/chips/esp32s31/bluetooth/src/dtm_active.rs
driver/chips/esp32s31/bluetooth/src/dtm_active_session.rs,driver/chips/esp32s31/bluetooth,open-esp-radio-esp32s31-bluetooth,chip-bluetooth,rust,703,0,0,driver/chips/esp32s31/bluetooth/src/dtm_active_session.rs
driver/chips/esp32s31/bluetooth/src/dtm_command.rs,driver/chips/esp32s31/bluetooth,open-esp-radio-esp32s31-bluetooth,chip-bluetooth,rust,169,1,3,driver/chips/esp32s31/bluetooth/src/dtm_command.rs
driver/chips/esp32s31/bluetooth/src/dtm_event_prepare.rs,driver/chips/esp32s31/bluetooth,open-esp-radio-esp32s31-bluetooth,chip-bluetooth,rust,2283,1,8,driver/chips/esp32s31/bluetooth/src/dtm_event_prepare.rs
driver/chips/esp32s31/bluetooth/src/dtm_event_timing.rs,driver/chips/esp32s31/bluetooth,open-esp-radio-esp32s31-bluetooth,chip-bluetooth,rust,438,1,8,driver/chips/esp32s31/bluetooth/src/dtm_event_timing.rs
driver/chips/esp32s31/bluetooth/src/dtm_link_state.rs,driver/chips/esp32s31/bluetooth,open-esp-radio-esp32s31-bluetooth,chip-bluetooth,rust,131,0,0,driver/chips/esp32s31/bluetooth/src/dtm_link_state.rs
driver/chips/esp32s31/bluetooth/src/dtm_parameters.rs,driver/chips/esp32s31/bluetooth,open-esp-radio-esp32s31-bluetooth,chip-bluetooth,rust,208,1,3,driver/chips/esp32s31/bluetooth/src/dtm_parameters.rs
driver/chips/esp32s31/bluetooth/src/dtm_payload.rs,driver/chips/esp32s31/bluetooth,open-esp-radio-esp32s31-bluetooth,chip-bluetooth,rust,309,1,6,driver/chips/esp32s31/bluetooth/src/dtm_payload.rs
driver/chips/esp32s31/bluetooth/src/dtm_post_unlink.rs,driver/chips/esp32s31/bluetooth,open-esp-radio-esp32s31-bluetooth,chip-bluetooth,rust,700,1,8,driver/chips/esp32s31/bluetooth/src/dtm_post_unlink.rs
driver/chips/esp32s31/bluetooth/src/dtm_quiescence.rs,driver/chips/esp32s31/bluetooth,open-esp-radio-esp32s31-bluetooth,chip-bluetooth,rust,391,0,0,driver/chips/esp32s31/bluetooth/src/dtm_quiescence.rs
driver/chips/esp32s31/bluetooth/src/dtm_quiescence_policy.rs,driver/chips/esp32s31/bluetooth,open-esp-radio-esp32s31-bluetooth,chip-bluetooth,rust,57,1,1,driver/chips/esp32s31/bluetooth/src/dtm_quiescence_policy.rs
driver/chips/esp32s31/bluetooth/src/dtm_reset.rs,driver/chips/esp32s31/bluetooth,open-esp-radio-esp32s31-bluetooth,chip-bluetooth,rust,476,0,0,driver/chips/esp32s31/bluetooth/src/dtm_reset.rs
driver/chips/esp32s31/bluetooth/src/dtm_reset_order.rs,driver/chips/esp32s31/bluetooth,open-esp-radio-esp32s31-bluetooth,chip-bluetooth,rust,203,1,1,driver/chips/esp32s31/bluetooth/src/dtm_reset_order.rs
driver/chips/esp32s31/bluetooth/src/dtm_runner.rs,driver/chips/esp32s31/bluetooth,open-esp-radio-esp32s31-bluetooth,chip-bluetooth,rust,1714,0,0,driver/chips/esp32s31/bluetooth/src/dtm_runner.rs
driver/chips/esp32s31/bluetooth/src/dtm_rx_completion.rs,driver/chips/esp32s31/bluetooth,open-esp-radio-esp32s31-bluetooth,chip-bluetooth,rust,186,1,5,driver/chips/esp32s31/bluetooth/src/dtm_rx_completion.rs
driver/chips/esp32s31/bluetooth/src/dtm_scheduler_item.rs,driver/chips/esp32s31/bluetooth,open-esp-radio-esp32s31-bluetooth,chip-bluetooth,rust,231,1,3,driver/chips/esp32s31/bluetooth/src/dtm_scheduler_item.rs
driver/chips/esp32s31/bluetooth/src/dtm_scheduler_reservation.rs,driver/chips/esp32s31/bluetooth,open-esp-radio-esp32s31-bluetooth,chip-bluetooth,rust,220,1,1,driver/chips/esp32s31/bluetooth/src/dtm_scheduler_reservation.rs
driver/chips/esp32s31/bluetooth/src/dtm_session.rs,driver/chips/esp32s31/bluetooth,open-esp-radio-esp32s31-bluetooth,chip-bluetooth,rust,467,1,6,driver/chips/esp32s31/bluetooth/src/dtm_session.rs
driver/chips/esp32s31/bluetooth/src/dtm_stopping.rs,driver/chips/esp32s31/bluetooth,open-esp-radio-esp32s31-bluetooth,chip-bluetooth,rust,498,0,0,driver/chips/esp32s31/bluetooth/src/dtm_stopping.rs
driver/chips/esp32s31/bluetooth/src/dtm_timing.rs,driver/chips/esp32s31/bluetooth,open-esp-radio-esp32s31-bluetooth,chip-bluetooth,rust,253,1,6,driver/chips/esp32s31/bluetooth/src/dtm_timing.rs
driver/chips/esp32s31/bluetooth/src/dtm_tx_packet.rs,driver/chips/esp32s31/bluetooth,open-esp-radio-esp32s31-bluetooth,chip-bluetooth,rust,136,1,1,driver/chips/esp32s31/bluetooth/src/dtm_tx_packet.rs
driver/chips/esp32s31/bluetooth/src/hci.rs,driver/chips/esp32s31/bluetooth,open-esp-radio-esp32s31-bluetooth,chip-bluetooth,rust,302,1,1,driver/chips/esp32s31/bluetooth/src/hci.rs
driver/chips/esp32s31/bluetooth/src/interrupt.rs,driver/chips/esp32s31/bluetooth,open-esp-radio-esp32s31-bluetooth,chip-bluetooth,rust,143,1,3,driver/chips/esp32s31/bluetooth/src/interrupt.rs
driver/chips/esp32s31/bluetooth/src/interrupt_classifier.rs,driver/chips/esp32s31/bluetooth,open-esp-radio-esp32s31-bluetooth,chip-bluetooth,rust,489,1,10,driver/chips/esp32s31/bluetooth/src/interrupt_classifier.rs
driver/chips/esp32s31/bluetooth/src/interrupt_wake.rs,driver/chips/esp32s31/bluetooth,open-esp-radio-esp32s31-bluetooth,chip-bluetooth,rust,201,1,3,driver/chips/esp32s31/bluetooth/src/interrupt_wake.rs
driver/chips/esp32s31/bluetooth/src/legacy_advertising.rs,driver/chips/esp32s31/bluetooth,open-esp-radio-esp32s31-bluetooth,chip-bluetooth,rust,1749,1,5,driver/chips/esp32s31/bluetooth/src/legacy_advertising.rs
driver/chips/esp32s31/bluetooth/src/legacy_advertising_active.rs,driver/chips/esp32s31/bluetooth,open-esp-radio-esp32s31-bluetooth,chip-bluetooth,rust,1765,0,0,driver/chips/esp32s31/bluetooth/src/legacy_advertising_active.rs
driver/chips/esp32s31/bluetooth/src/legacy_advertising_completion.rs,driver/chips/esp32s31/bluetooth,open-esp-radio-esp32s31-bluetooth,chip-bluetooth,rust,51,0,0,driver/chips/esp32s31/bluetooth/src/legacy_advertising_completion.rs
driver/chips/esp32s31/bluetooth/src/legacy_advertising_recurring.rs,driver/chips/esp32s31/bluetooth,open-esp-radio-esp32s31-bluetooth,chip-bluetooth,rust,1279,0,0,driver/chips/esp32s31/bluetooth/src/legacy_advertising_recurring.rs
driver/chips/esp32s31/bluetooth/src/legacy_advertising_runner.rs,driver/chips/esp32s31/bluetooth,open-esp-radio-esp32s31-bluetooth,chip-bluetooth,rust,522,0,0,driver/chips/esp32s31/bluetooth/src/legacy_advertising_runner.rs
driver/chips/esp32s31/bluetooth/src/legacy_advertising_timing.rs,driver/chips/esp32s31/bluetooth,open-esp-radio-esp32s31-bluetooth,chip-bluetooth,rust,622,1,9,driver/chips/esp32s31/bluetooth/src/legacy_advertising_timing.rs
driver/chips/esp32s31/bluetooth/src/legacy_connectable_advertising_active.rs,driver/chips/esp32s31/bluetooth,open-esp-radio-esp32s31-bluetooth,chip-bluetooth,rust,723,0,0,driver/chips/esp32s31/bluetooth/src/legacy_connectable_advertising_active.rs
driver/chips/esp32s31/bluetooth/src/legacy_connectable_advertising_completion.rs,driver/chips/esp32s31/bluetooth,open-esp-radio-esp32s31-bluetooth,chip-bluetooth,rust,141,0,0,driver/chips/esp32s31/bluetooth/src/legacy_connectable_advertising_completion.rs
driver/chips/esp32s31/bluetooth/src/legacy_connectable_advertising_hci.rs,driver/chips/esp32s31/bluetooth,open-esp-radio-esp32s31-bluetooth,chip-bluetooth,rust,992,0,0,driver/chips/esp32s31/bluetooth/src/legacy_connectable_advertising_hci.rs
driver/chips/esp32s31/bluetooth/src/legacy_connectable_advertising_recurring.rs,driver/chips/esp32s31/bluetooth,open-esp-radio-esp32s31-bluetooth,chip-bluetooth,rust,471,0,0,driver/chips/esp32s31/bluetooth/src/legacy_connectable_advertising_recurring.rs
driver/chips/esp32s31/bluetooth/src/legacy_connectable_advertising_recurring/cancellation.rs,driver/chips/esp32s31/bluetooth,open-esp-radio-esp32s31-bluetooth,chip-bluetooth,rust,516,0,0,driver/chips/esp32s31/bluetooth/src/legacy_connectable_advertising_recurring/cancellation.rs
driver/chips/esp32s31/bluetooth/src/legacy_connectable_advertising_recurring/phases.rs,driver/chips/esp32s31/bluetooth,open-esp-radio-esp32s31-bluetooth,chip-bluetooth,rust,633,0,0,driver/chips/esp32s31/bluetooth/src/legacy_connectable_advertising_recurring/phases.rs
driver/chips/esp32s31/bluetooth/src/legacy_connectable_advertising_recurring_hci.rs,driver/chips/esp32s31/bluetooth,open-esp-radio-esp32s31-bluetooth,chip-bluetooth,rust,965,0,0,driver/chips/esp32s31/bluetooth/src/legacy_connectable_advertising_recurring_hci.rs
driver/chips/esp32s31/bluetooth/src/legacy_connectable_advertising_recurring_hci_state.rs,driver/chips/esp32s31/bluetooth,open-esp-radio-esp32s31-bluetooth,chip-bluetooth,rust,300,1,2,driver/chips/esp32s31/bluetooth/src/legacy_connectable_advertising_recurring_hci_state.rs
driver/chips/esp32s31/bluetooth/src/legacy_connectable_advertising_runner.rs,driver/chips/esp32s31/bluetooth,open-esp-radio-esp32s31-bluetooth,chip-bluetooth,rust,1094,0,0,driver/chips/esp32s31/bluetooth/src/legacy_connectable_advertising_runner.rs
driver/chips/esp32s31/bluetooth/src/legacy_connectable_peripheral_first_hci.rs,driver/chips/esp32s31/bluetooth,open-esp-radio-esp32s31-bluetooth,chip-bluetooth,rust,940,0,0,driver/chips/esp32s31/bluetooth/src/legacy_connectable_peripheral_first_hci.rs
driver/chips/esp32s31/bluetooth/src/legacy_connectable_peripheral_start_runner.rs,driver/chips/esp32s31/bluetooth,open-esp-radio-esp32s31-bluetooth,chip-bluetooth,rust,1522,0,0,driver/chips/esp32s31/bluetooth/src/legacy_connectable_peripheral_start_runner.rs
driver/chips/esp32s31/bluetooth/src/lib.rs,driver/chips/esp32s31/bluetooth,open-esp-radio-esp32s31-bluetooth,chip-bluetooth,rust,740,0,0,driver/chips/esp32s31/bluetooth/src/lib.rs
driver/chips/esp32s31/bluetooth/src/low_power.rs,driver/chips/esp32s31/bluetooth,open-esp-radio-esp32s31-bluetooth,chip-bluetooth,rust,283,1,3,driver/chips/esp32s31/bluetooth/src/low_power.rs
driver/chips/esp32s31/bluetooth/src/modem_lp_timer_queue.rs,driver/chips/esp32s31/bluetooth,open-esp-radio-esp32s31-bluetooth,chip-bluetooth,rust,757,1,6,driver/chips/esp32s31/bluetooth/src/modem_lp_timer_queue.rs
driver/chips/esp32s31/bluetooth/src/nrt_interrupt.rs,driver/chips/esp32s31/bluetooth,open-esp-radio-esp32s31-bluetooth,chip-bluetooth,rust,81,1,1,driver/chips/esp32s31/bluetooth/src/nrt_interrupt.rs
driver/chips/esp32s31/bluetooth/src/passive_scanning.rs,driver/chips/esp32s31/bluetooth,open-esp-radio-esp32s31-bluetooth,chip-bluetooth,rust,259,1,2,driver/chips/esp32s31/bluetooth/src/passive_scanning.rs
driver/chips/esp32s31/bluetooth/src/passive_scanning_active.rs,driver/chips/esp32s31/bluetooth,open-esp-radio-esp32s31-bluetooth,chip-bluetooth,rust,464,0,0,driver/chips/esp32s31/bluetooth/src/passive_scanning_active.rs
driver/chips/esp32s31/bluetooth/src/passive_scanning_hci.rs,driver/chips/esp32s31/bluetooth,open-esp-radio-esp32s31-bluetooth,chip-bluetooth,rust,1525,0,0,driver/chips/esp32s31/bluetooth/src/passive_scanning_hci.rs
driver/chips/esp32s31/bluetooth/src/passive_scanning_runner.rs,driver/chips/esp32s31/bluetooth,open-esp-radio-esp32s31-bluetooth,chip-bluetooth,rust,570,0,0,driver/chips/esp32s31/bluetooth/src/passive_scanning_runner.rs
driver/chips/esp32s31/bluetooth/src/passive_scanning_timing.rs,driver/chips/esp32s31/bluetooth,open-esp-radio-esp32s31-bluetooth,chip-bluetooth,rust,268,1,2,driver/chips/esp32s31/bluetooth/src/passive_scanning_timing.rs
driver/chips/esp32s31/bluetooth/src/peripheral_connection.rs,driver/chips/esp32s31/bluetooth,open-esp-radio-esp32s31-bluetooth,chip-bluetooth,rust,1756,1,9,driver/chips/esp32s31/bluetooth/src/peripheral_connection.rs
driver/chips/esp32s31/bluetooth/src/peripheral_connection/completion.rs,driver/chips/esp32s31/bluetooth,open-esp-radio-esp32s31-bluetooth,chip-bluetooth,rust,623,1,3,driver/chips/esp32s31/bluetooth/src/peripheral_connection/completion.rs
driver/chips/esp32s31/bluetooth/src/peripheral_connection/recurring.rs,driver/chips/esp32s31/bluetooth,open-esp-radio-esp32s31-bluetooth,chip-bluetooth,rust,15,0,0,driver/chips/esp32s31/bluetooth/src/peripheral_connection/recurring.rs
driver/chips/esp32s31/bluetooth/src/peripheral_connection/recurring/timing.rs,driver/chips/esp32s31/bluetooth,open-esp-radio-esp32s31-bluetooth,chip-bluetooth,rust,746,1,8,driver/chips/esp32s31/bluetooth/src/peripheral_connection/recurring/timing.rs
driver/chips/esp32s31/bluetooth/src/peripheral_connection_completion.rs,driver/chips/esp32s31/bluetooth,open-esp-radio-esp32s31-bluetooth,chip-bluetooth,rust,148,0,0,driver/chips/esp32s31/bluetooth/src/peripheral_connection_completion.rs
driver/chips/esp32s31/bluetooth/src/phy.rs,driver/chips/esp32s31/bluetooth,open-esp-radio-esp32s31-bluetooth,chip-bluetooth,rust,364,0,0,driver/chips/esp32s31/bluetooth/src/phy.rs
driver/chips/esp32s31/bluetooth/src/primary_interrupt.rs,driver/chips/esp32s31/bluetooth,open-esp-radio-esp32s31-bluetooth,chip-bluetooth,rust,434,1,6,driver/chips/esp32s31/bluetooth/src/primary_interrupt.rs
driver/chips/esp32s31/bluetooth/src/resources.rs,driver/chips/esp32s31/bluetooth,open-esp-radio-esp32s31-bluetooth,chip-bluetooth,rust,989,1,5,driver/chips/esp32s31/bluetooth/src/resources.rs
driver/chips/esp32s31/bluetooth/src/runtime_resources.rs,driver/chips/esp32s31/bluetooth,open-esp-radio-esp32s31-bluetooth,chip-bluetooth,rust,502,1,6,driver/chips/esp32s31/bluetooth/src/runtime_resources.rs
driver/chips/esp32s31/bluetooth/src/scheduler.rs,driver/chips/esp32s31/bluetooth,open-esp-radio-esp32s31-bluetooth,chip-bluetooth,rust,3052,1,15,driver/chips/esp32s31/bluetooth/src/scheduler.rs
driver/chips/esp32s31/bluetooth/src/scheduler/connectable_advertising.rs,driver/chips/esp32s31/bluetooth,open-esp-radio-esp32s31-bluetooth,chip-bluetooth,rust,972,1,5,driver/chips/esp32s31/bluetooth/src/scheduler/connectable_advertising.rs
driver/chips/esp32s31/bluetooth/src/scheduler/dtm.rs,driver/chips/esp32s31/bluetooth,open-esp-radio-esp32s31-bluetooth,chip-bluetooth,rust,2450,1,1,driver/chips/esp32s31/bluetooth/src/scheduler/dtm.rs
driver/chips/esp32s31/bluetooth/src/scheduler/peripheral_connection.rs,driver/chips/esp32s31/bluetooth,open-esp-radio-esp32s31-bluetooth,chip-bluetooth,rust,699,0,0,driver/chips/esp32s31/bluetooth/src/scheduler/peripheral_connection.rs
driver/chips/esp32s31/bluetooth/src/scheduler/peripheral_connection/recurring.rs,driver/chips/esp32s31/bluetooth,open-esp-radio-esp32s31-bluetooth,chip-bluetooth,rust,598,0,0,driver/chips/esp32s31/bluetooth/src/scheduler/peripheral_connection/recurring.rs
driver/chips/esp32s31/bluetooth/src/scheduler/peripheral_connection/recurring/transaction.rs,driver/chips/esp32s31/bluetooth,open-esp-radio-esp32s31-bluetooth,chip-bluetooth,rust,672,1,4,driver/chips/esp32s31/bluetooth/src/scheduler/peripheral_connection/recurring/transaction.rs
driver/chips/esp32s31/bluetooth/src/scheduler/single_item.rs,driver/chips/esp32s31/bluetooth,open-esp-radio-esp32s31-bluetooth,chip-bluetooth,rust,768,0,0,driver/chips/esp32s31/bluetooth/src/scheduler/single_item.rs
driver/chips/esp32s31/bluetooth/src/scheduler_config.rs,driver/chips/esp32s31/bluetooth,open-esp-radio-esp32s31-bluetooth,chip-bluetooth,rust,50,0,0,driver/chips/esp32s31/bluetooth/src/scheduler_config.rs
driver/chips/esp32s31/bluetooth/src/scheduler_finished_lists.rs,driver/chips/esp32s31/bluetooth,open-esp-radio-esp32s31-bluetooth,chip-bluetooth,rust,260,1,4,driver/chips/esp32s31/bluetooth/src/scheduler_finished_lists.rs
driver/chips/esp32s31/bluetooth/src/scheduler_insertion.rs,driver/chips/esp32s31/bluetooth,open-esp-radio-esp32s31-bluetooth,chip-bluetooth,rust,267,1,4,driver/chips/esp32s31/bluetooth/src/scheduler_insertion.rs
driver/chips/esp32s31/bluetooth/src/scheduler_lock_modify.rs,driver/chips/esp32s31/bluetooth,open-esp-radio-esp32s31-bluetooth,chip-bluetooth,rust,639,1,5,driver/chips/esp32s31/bluetooth/src/scheduler_lock_modify.rs
driver/chips/esp32s31/bluetooth/src/scheduler_time.rs,driver/chips/esp32s31/bluetooth,open-esp-radio-esp32s31-bluetooth,chip-bluetooth,rust,45,0,0,driver/chips/esp32s31/bluetooth/src/scheduler_time.rs
driver/chips/esp32s31/bluetooth/src/scheduler_timeline.rs,driver/chips/esp32s31/bluetooth,open-esp-radio-esp32s31-bluetooth,chip-bluetooth,rust,819,1,14,driver/chips/esp32s31/bluetooth/src/scheduler_timeline.rs
driver/chips/esp32s31/bluetooth/src/single_item_completion.rs,driver/chips/esp32s31/bluetooth,open-esp-radio-esp32s31-bluetooth,chip-bluetooth,rust,650,1,3,driver/chips/esp32s31/bluetooth/src/single_item_completion.rs
driver/chips/esp32s31/bluetooth/src/validation.rs,driver/chips/esp32s31/bluetooth,open-esp-radio-esp32s31-bluetooth,chip-bluetooth,rust,197,0,0,driver/chips/esp32s31/bluetooth/src/validation.rs
driver/chips/esp32s31/coex/Cargo.toml,driver/chips/esp32s31/coex,open-esp-radio-esp32s31-coex,chip-coex,manifest,11,0,0,driver/chips/esp32s31/coex/Cargo.toml
driver/chips/esp32s31/coex/src/clock.rs,driver/chips/esp32s31/coex,open-esp-radio-esp32s31-coex,chip-coex,rust,85,0,0,driver/chips/esp32s31/coex/src/clock.rs
driver/chips/esp32s31/coex/src/core.rs,driver/chips/esp32s31/coex,open-esp-radio-esp32s31-coex,chip-coex,rust,128,0,0,driver/chips/esp32s31/coex/src/core.rs
driver/chips/esp32s31/coex/src/lib.rs,driver/chips/esp32s31/coex,open-esp-radio-esp32s31-coex,chip-coex,rust,29,0,0,driver/chips/esp32s31/coex/src/lib.rs
driver/chips/esp32s31/coex/src/model.rs,driver/chips/esp32s31/coex,open-esp-radio-esp32s31-coex,chip-coex,rust,184,0,0,driver/chips/esp32s31/coex/src/model.rs
driver/chips/esp32s31/coex/src/scheduler.rs,driver/chips/esp32s31/coex,open-esp-radio-esp32s31-coex,chip-coex,rust,167,1,4,driver/chips/esp32s31/coex/src/scheduler.rs
driver/chips/esp32s31/coex/src/tests.rs,driver/chips/esp32s31/coex,open-esp-radio-esp32s31-coex,chip-coex,test-rust,267,0,8,driver/chips/esp32s31/coex/src/tests.rs
driver/chips/esp32s31/coex/src/timer.rs,driver/chips/esp32s31/coex,open-esp-radio-esp32s31-coex,chip-coex,rust,45,0,0,driver/chips/esp32s31/coex/src/timer.rs
driver/chips/esp32s31/hal/Cargo.toml,driver/chips/esp32s31/hal,open-esp-radio-esp32s31-hal,chip-hal,manifest,25,0,0,driver/chips/esp32s31/hal/Cargo.toml
driver/chips/esp32s31/hal/src/analog_i2c.rs,driver/chips/esp32s31/hal,open-esp-radio-esp32s31-hal,chip-hal,rust,196,1,3,driver/chips/esp32s31/hal/src/analog_i2c.rs
driver/chips/esp32s31/hal/src/bluetooth.rs,driver/chips/esp32s31/hal,open-esp-radio-esp32s31-hal,chip-hal,rust,1448,1,5,driver/chips/esp32s31/hal/src/bluetooth.rs
driver/chips/esp32s31/hal/src/channel.rs,driver/chips/esp32s31/hal,open-esp-radio-esp32s31-hal,chip-hal,rust,170,0,0,driver/chips/esp32s31/hal/src/channel.rs
driver/chips/esp32s31/hal/src/coex.rs,driver/chips/esp32s31/hal,open-esp-radio-esp32s31-hal,chip-hal,rust,235,0,0,driver/chips/esp32s31/hal/src/coex.rs
driver/chips/esp32s31/hal/src/ieee802154.rs,driver/chips/esp32s31/hal,open-esp-radio-esp32s31-hal,chip-hal,rust,845,1,5,driver/chips/esp32s31/hal/src/ieee802154.rs
driver/chips/esp32s31/hal/src/ieee802154_ed_event_probe.rs,driver/chips/esp32s31/hal,open-esp-radio-esp32s31-hal,chip-hal,rust,901,1,6,driver/chips/esp32s31/hal/src/ieee802154_ed_event_probe.rs
driver/chips/esp32s31/hal/src/ieee802154_event_status_probe.rs,driver/chips/esp32s31/hal,open-esp-radio-esp32s31-hal,chip-hal,rust,1201,1,19,driver/chips/esp32s31/hal/src/ieee802154_event_status_probe.rs
driver/chips/esp32s31/hal/src/ieee802154_lifecycle.rs,driver/chips/esp32s31/hal,open-esp-radio-esp32s31-hal,chip-hal,rust,816,1,7,driver/chips/esp32s31/hal/src/ieee802154_lifecycle.rs
driver/chips/esp32s31/hal/src/ieee802154_operation.rs,driver/chips/esp32s31/hal,open-esp-radio-esp32s31-hal,chip-hal,rust,2061,1,16,driver/chips/esp32s31/hal/src/ieee802154_operation.rs
driver/chips/esp32s31/hal/src/ieee802154_policy.rs,driver/chips/esp32s31/hal,open-esp-radio-esp32s31-hal,chip-hal,rust,1011,1,5,driver/chips/esp32s31/hal/src/ieee802154_policy.rs
driver/chips/esp32s31/hal/src/ieee802154_role.rs,driver/chips/esp32s31/hal,open-esp-radio-esp32s31-hal,chip-hal,rust,892,1,1,driver/chips/esp32s31/hal/src/ieee802154_role.rs
driver/chips/esp32s31/hal/src/ieee802154_tx_power.rs,driver/chips/esp32s31/hal,open-esp-radio-esp32s31-hal,chip-hal,rust,353,1,5,driver/chips/esp32s31/hal/src/ieee802154_tx_power.rs
driver/chips/esp32s31/hal/src/lib.rs,driver/chips/esp32s31/hal,open-esp-radio-esp32s31-hal,chip-hal,rust,1192,1,6,driver/chips/esp32s31/hal/src/lib.rs
driver/chips/esp32s31/hal/src/modem_clock_planner.rs,driver/chips/esp32s31/hal,open-esp-radio-esp32s31-hal,chip-hal,rust,1159,1,12,driver/chips/esp32s31/hal/src/modem_clock_planner.rs
driver/chips/esp32s31/hal/src/pbus.rs,driver/chips/esp32s31/hal,open-esp-radio-esp32s31-hal,chip-hal,rust,122,0,0,driver/chips/esp32s31/hal/src/pbus.rs
driver/chips/esp32s31/hal/src/phy_agc.rs,driver/chips/esp32s31/hal,open-esp-radio-esp32s31-hal,chip-hal,rust,206,0,0,driver/chips/esp32s31/hal/src/phy_agc.rs
driver/chips/esp32s31/hal/src/phy_baseband.rs,driver/chips/esp32s31/hal,open-esp-radio-esp32s31-hal,chip-hal,rust,304,0,0,driver/chips/esp32s31/hal/src/phy_baseband.rs
driver/chips/esp32s31/hal/src/phy_clock.rs,driver/chips/esp32s31/hal,open-esp-radio-esp32s31-hal,chip-hal,rust,14,0,0,driver/chips/esp32s31/hal/src/phy_clock.rs
driver/chips/esp32s31/hal/src/phy_frequency.rs,driver/chips/esp32s31/hal,open-esp-radio-esp32s31-hal,chip-hal,rust,162,0,0,driver/chips/esp32s31/hal/src/phy_frequency.rs
driver/chips/esp32s31/hal/src/phy_i2c.rs,driver/chips/esp32s31/hal,open-esp-radio-esp32s31-hal,chip-hal,rust,143,0,0,driver/chips/esp32s31/hal/src/phy_i2c.rs
driver/chips/esp32s31/hal/src/phy_iq_estimator.rs,driver/chips/esp32s31/hal,open-esp-radio-esp32s31-hal,chip-hal,rust,144,0,0,driver/chips/esp32s31/hal/src/phy_iq_estimator.rs
driver/chips/esp32s31/hal/src/phy_memory.rs,driver/chips/esp32s31/hal,open-esp-radio-esp32s31-hal,chip-hal,rust,81,0,0,driver/chips/esp32s31/hal/src/phy_memory.rs
driver/chips/esp32s31/hal/src/phy_power_detector.rs,driver/chips/esp32s31/hal,open-esp-radio-esp32s31-hal,chip-hal,rust,142,0,0,driver/chips/esp32s31/hal/src/phy_power_detector.rs
driver/chips/esp32s31/hal/src/phy_prelude.rs,driver/chips/esp32s31/hal,open-esp-radio-esp32s31-hal,chip-hal,rust,30,0,0,driver/chips/esp32s31/hal/src/phy_prelude.rs
driver/chips/esp32s31/hal/src/phy_rx_dco.rs,driver/chips/esp32s31/hal,open-esp-radio-esp32s31-hal,chip-hal,rust,35,0,0,driver/chips/esp32s31/hal/src/phy_rx_dco.rs
driver/chips/esp32s31/hal/src/phy_temperature.rs,driver/chips/esp32s31/hal,open-esp-radio-esp32s31-hal,chip-hal,rust,148,1,2,driver/chips/esp32s31/hal/src/phy_temperature.rs
driver/chips/esp32s31/hal/src/power.rs,driver/chips/esp32s31/hal,open-esp-radio-esp32s31-hal,chip-hal,rust,458,1,2,driver/chips/esp32s31/hal/src/power.rs
driver/chips/esp32s31/hal/src/power_detector_platform.rs,driver/chips/esp32s31/hal,open-esp-radio-esp32s31-hal,chip-hal,rust,89,1,1,driver/chips/esp32s31/hal/src/power_detector_platform.rs
driver/chips/esp32s31/hal/src/radio_arena.rs,driver/chips/esp32s31/hal,open-esp-radio-esp32s31-hal,chip-hal,rust,724,1,5,driver/chips/esp32s31/hal/src/radio_arena.rs
driver/chips/esp32s31/hal/src/types.rs,driver/chips/esp32s31/hal,open-esp-radio-esp32s31-hal,chip-hal,rust,34,0,0,driver/chips/esp32s31/hal/src/types.rs
driver/chips/esp32s31/hal/src/validation.rs,driver/chips/esp32s31/hal,open-esp-radio-esp32s31-hal,chip-hal,rust,176,0,0,driver/chips/esp32s31/hal/src/validation.rs
driver/chips/esp32s31/hal/src/wifi_bb.rs,driver/chips/esp32s31/hal,open-esp-radio-esp32s31-hal,chip-hal,rust,43,0,0,driver/chips/esp32s31/hal/src/wifi_bb.rs
driver/chips/esp32s31/hal/src/wifi_mac.rs,driver/chips/esp32s31/hal,open-esp-radio-esp32s31-hal,chip-hal,rust,1090,1,4,driver/chips/esp32s31/hal/src/wifi_mac.rs
driver/chips/esp32s31/ieee802154/dma/Cargo.toml,driver/chips/esp32s31/ieee802154/dma,open-esp-radio-esp32s31-ieee802154-dma,chip-ieee802154,manifest,11,0,0,driver/chips/esp32s31/ieee802154/dma/Cargo.toml
driver/chips/esp32s31/ieee802154/dma/src/address.rs,driver/chips/esp32s31/ieee802154/dma,open-esp-radio-esp32s31-ieee802154-dma,chip-ieee802154,rust,123,1,2,driver/chips/esp32s31/ieee802154/dma/src/address.rs
driver/chips/esp32s31/ieee802154/dma/src/frame.rs,driver/chips/esp32s31/ieee802154/dma,open-esp-radio-esp32s31-ieee802154-dma,chip-ieee802154,rust,226,1,5,driver/chips/esp32s31/ieee802154/dma/src/frame.rs
driver/chips/esp32s31/ieee802154/dma/src/lib.rs,driver/chips/esp32s31/ieee802154/dma,open-esp-radio-esp32s31-ieee802154-dma,chip-ieee802154,rust,35,0,0,driver/chips/esp32s31/ieee802154/dma/src/lib.rs
driver/chips/esp32s31/ieee802154/dma/src/ordering.rs,driver/chips/esp32s31/ieee802154/dma,open-esp-radio-esp32s31-ieee802154-dma,chip-ieee802154,rust,21,0,0,driver/chips/esp32s31/ieee802154/dma/src/ordering.rs
driver/chips/esp32s31/ieee802154/dma/src/rx.rs,driver/chips/esp32s31/ieee802154/dma,open-esp-radio-esp32s31-ieee802154-dma,chip-ieee802154,rust,1035,1,14,driver/chips/esp32s31/ieee802154/dma/src/rx.rs
driver/chips/esp32s31/ieee802154/dma/src/terminal.rs,driver/chips/esp32s31/ieee802154/dma,open-esp-radio-esp32s31-ieee802154-dma,chip-ieee802154,rust,62,0,0,driver/chips/esp32s31/ieee802154/dma/src/terminal.rs
driver/chips/esp32s31/ieee802154/dma/src/tx.rs,driver/chips/esp32s31/ieee802154/dma,open-esp-radio-esp32s31-ieee802154-dma,chip-ieee802154,rust,495,1,6,driver/chips/esp32s31/ieee802154/dma/src/tx.rs
driver/chips/esp32s31/ieee802154/irq/Cargo.toml,driver/chips/esp32s31/ieee802154/irq,open-esp-radio-esp32s31-ieee802154-irq,chip-ieee802154,manifest,17,0,0,driver/chips/esp32s31/ieee802154/irq/Cargo.toml
driver/chips/esp32s31/ieee802154/irq/src/lib.rs,driver/chips/esp32s31/ieee802154/irq,open-esp-radio-esp32s31-ieee802154-irq,chip-ieee802154,rust,749,1,9,driver/chips/esp32s31/ieee802154/irq/src/lib.rs
driver/chips/esp32s31/ieee802154/irq/src/pac_port.rs,driver/chips/esp32s31/ieee802154/irq,open-esp-radio-esp32s31-ieee802154-irq,chip-ieee802154,rust,69,1,1,driver/chips/esp32s31/ieee802154/irq/src/pac_port.rs
driver/chips/esp32s31/ieee802154/mac/Cargo.toml,driver/chips/esp32s31/ieee802154/mac,open-esp-radio-esp32s31-ieee802154-mac,chip-ieee802154,manifest,15,0,0,driver/chips/esp32s31/ieee802154/mac/Cargo.toml
driver/chips/esp32s31/ieee802154/mac/src/actor.rs,driver/chips/esp32s31/ieee802154/mac,open-esp-radio-esp32s31-ieee802154-mac,chip-ieee802154,rust,1917,1,14,driver/chips/esp32s31/ieee802154/mac/src/actor.rs
driver/chips/esp32s31/ieee802154/mac/src/batch.rs,driver/chips/esp32s31/ieee802154/mac,open-esp-radio-esp32s31-ieee802154-mac,chip-ieee802154,rust,215,1,3,driver/chips/esp32s31/ieee802154/mac/src/batch.rs
driver/chips/esp32s31/ieee802154/mac/src/lib.rs,driver/chips/esp32s31/ieee802154/mac,open-esp-radio-esp32s31-ieee802154-mac,chip-ieee802154,rust,37,0,0,driver/chips/esp32s31/ieee802154/mac/src/lib.rs
driver/chips/esp32s31/ieee802154/runtime/Cargo.toml,driver/chips/esp32s31/ieee802154/runtime,open-esp-radio-esp32s31-ieee802154-runtime,chip-ieee802154,manifest,23,0,0,driver/chips/esp32s31/ieee802154/runtime/Cargo.toml
driver/chips/esp32s31/ieee802154/runtime/src/lib.rs,driver/chips/esp32s31/ieee802154/runtime,open-esp-radio-esp32s31-ieee802154-runtime,chip-ieee802154,rust,1519,1,15,driver/chips/esp32s31/ieee802154/runtime/src/lib.rs
driver/chips/esp32s31/ieee802154/runtime/src/pac_command_executor.rs,driver/chips/esp32s31/ieee802154/runtime,open-esp-radio-esp32s31-ieee802154-runtime,chip-ieee802154,rust,1043,1,9,driver/chips/esp32s31/ieee802154/runtime/src/pac_command_executor.rs
driver/chips/esp32s31/pac-raw/Cargo.toml,driver/chips/esp32s31/pac-raw,open-esp-radio-esp32s31-pac-raw,restricted-raw-pac,manifest,23,0,0,driver/chips/esp32s31/pac/raw/Cargo.toml
driver/chips/esp32s31/pac-raw/README.md,driver/chips/esp32s31/pac-raw,open-esp-radio-esp32s31-pac-raw,restricted-raw-pac,documentation,17,0,0,driver/chips/esp32s31/pac/raw/README.md
driver/chips/esp32s31/pac-raw/src/ieee802154_ed_event_validation.rs,driver/chips/esp32s31/pac-raw,open-esp-radio-esp32s31-pac-raw,restricted-raw-pac,handwritten-raw-sidecar,211,0,0,driver/chips/esp32s31/pac/raw/src/ieee802154_ed_event_validation.rs
driver/chips/esp32s31/pac-raw/src/ieee802154_event_status_validation.rs,driver/chips/esp32s31/pac-raw,open-esp-radio-esp32s31-pac-raw,restricted-raw-pac,handwritten-raw-sidecar,172,0,0,driver/chips/esp32s31/pac/raw/src/ieee802154_event_status_validation.rs
driver/chips/esp32s31/pac-raw/src/ieee802154_mac_ownership.rs,driver/chips/esp32s31/pac-raw,open-esp-radio-esp32s31-pac-raw,restricted-raw-pac,handwritten-raw-sidecar,1731,1,3,driver/chips/esp32s31/pac/raw/src/ieee802154_mac_ownership.rs
driver/chips/esp32s31/pac-raw/src/lib.rs,driver/chips/esp32s31/pac-raw,open-esp-radio-esp32s31-pac-raw,restricted-raw-pac,generated-rust,70928,0,0,driver/chips/esp32s31/pac/raw/src/lib.rs
driver/chips/esp32s31/pac/Cargo.toml,driver/chips/esp32s31/pac,open-esp-radio-esp32s31-pac,closed-radio-pac,manifest,21,0,0,driver/chips/esp32s31/pac/Cargo.toml
driver/chips/esp32s31/pac/src/agc.rs,driver/chips/esp32s31/pac,open-esp-radio-esp32s31-pac,closed-radio-pac,rust,218,0,0,driver/chips/esp32s31/pac/src/agc.rs
driver/chips/esp32s31/pac/src/agc_runtime.rs,driver/chips/esp32s31/pac,open-esp-radio-esp32s31-pac,closed-radio-pac,rust,51,0,0,driver/chips/esp32s31/pac/src/agc_runtime.rs
driver/chips/esp32s31/pac/src/baseband.rs,driver/chips/esp32s31/pac,open-esp-radio-esp32s31-pac,closed-radio-pac,rust,1292,1,4,driver/chips/esp32s31/pac/src/baseband.rs
driver/chips/esp32s31/pac/src/bluetooth_baseband.rs,driver/chips/esp32s31/pac,open-esp-radio-esp32s31-pac,closed-radio-pac,rust,454,1,1,driver/chips/esp32s31/pac/src/bluetooth_baseband.rs
driver/chips/esp32s31/pac/src/bluetooth_controller_address.rs,driver/chips/esp32s31/pac,open-esp-radio-esp32s31-pac,closed-radio-pac,rust,72,0,0,driver/chips/esp32s31/pac/src/bluetooth_controller_address.rs
driver/chips/esp32s31/pac/src/bluetooth_controller_hal_init.rs,driver/chips/esp32s31/pac,open-esp-radio-esp32s31-pac,closed-radio-pac,rust,667,1,3,driver/chips/esp32s31/pac/src/bluetooth_controller_hal_init.rs
driver/chips/esp32s31/pac/src/bluetooth_controller_time.rs,driver/chips/esp32s31/pac,open-esp-radio-esp32s31-pac,closed-radio-pac,rust,456,1,6,driver/chips/esp32s31/pac/src/bluetooth_controller_time.rs
driver/chips/esp32s31/pac/src/bluetooth_direction_finding.rs,driver/chips/esp32s31/pac,open-esp-radio-esp32s31-pac,closed-radio-pac,rust,70,0,0,driver/chips/esp32s31/pac/src/bluetooth_direction_finding.rs
driver/chips/esp32s31/pac/src/bluetooth_interrupt.rs,driver/chips/esp32s31/pac,open-esp-radio-esp32s31-pac,closed-radio-pac,rust,840,1,5,driver/chips/esp32s31/pac/src/bluetooth_interrupt.rs
driver/chips/esp32s31/pac/src/bluetooth_memory_lists.rs,driver/chips/esp32s31/pac,open-esp-radio-esp32s31-pac,closed-radio-pac,rust,244,1,1,driver/chips/esp32s31/pac/src/bluetooth_memory_lists.rs
driver/chips/esp32s31/pac/src/bluetooth_modem_lp_timer.rs,driver/chips/esp32s31/pac,open-esp-radio-esp32s31-pac,closed-radio-pac,rust,1610,1,19,driver/chips/esp32s31/pac/src/bluetooth_modem_lp_timer.rs
driver/chips/esp32s31/pac/src/bluetooth_phy_init.rs,driver/chips/esp32s31/pac,open-esp-radio-esp32s31-pac,closed-radio-pac,rust,393,1,1,driver/chips/esp32s31/pac/src/bluetooth_phy_init.rs
driver/chips/esp32s31/pac/src/bluetooth_scan.rs,driver/chips/esp32s31/pac,open-esp-radio-esp32s31-pac,closed-radio-pac,rust,116,1,1,driver/chips/esp32s31/pac/src/bluetooth_scan.rs
driver/chips/esp32s31/pac/src/bluetooth_scheduler.rs,driver/chips/esp32s31/pac,open-esp-radio-esp32s31-pac,closed-radio-pac,rust,760,1,5,driver/chips/esp32s31/pac/src/bluetooth_scheduler.rs
driver/chips/esp32s31/pac/src/bluetooth_scheduler_insertion.rs,driver/chips/esp32s31/pac,open-esp-radio-esp32s31-pac,closed-radio-pac,rust,489,1,3,driver/chips/esp32s31/pac/src/bluetooth_scheduler_insertion.rs
driver/chips/esp32s31/pac/src/bluetooth_scheduler_lock_modify.rs,driver/chips/esp32s31/pac,open-esp-radio-esp32s31-pac,closed-radio-pac,rust,376,1,3,driver/chips/esp32s31/pac/src/bluetooth_scheduler_lock_modify.rs
driver/chips/esp32s31/pac/src/bluetooth_scheduler_runtime.rs,driver/chips/esp32s31/pac,open-esp-radio-esp32s31-pac,closed-radio-pac,rust,904,1,6,driver/chips/esp32s31/pac/src/bluetooth_scheduler_runtime.rs
driver/chips/esp32s31/pac/src/cfr.rs,driver/chips/esp32s31/pac,open-esp-radio-esp32s31-pac,closed-radio-pac,rust,110,0,0,driver/chips/esp32s31/pac/src/cfr.rs
driver/chips/esp32s31/pac/src/clock.rs,driver/chips/esp32s31/pac,open-esp-radio-esp32s31-pac,closed-radio-pac,rust,58,0,0,driver/chips/esp32s31/pac/src/clock.rs
driver/chips/esp32s31/pac/src/coex.rs,driver/chips/esp32s31/pac,open-esp-radio-esp32s31-pac,closed-radio-pac,rust,123,0,0,driver/chips/esp32s31/pac/src/coex.rs
driver/chips/esp32s31/pac/src/frequency.rs,driver/chips/esp32s31/pac,open-esp-radio-esp32s31-pac,closed-radio-pac,rust,409,1,3,driver/chips/esp32s31/pac/src/frequency.rs
driver/chips/esp32s31/pac/src/generated.rs,driver/chips/esp32s31/pac,open-esp-radio-esp32s31-pac,closed-radio-pac,generated-rust,7750,0,0,driver/chips/esp32s31/pac/src/generated.rs
driver/chips/esp32s31/pac/src/ieee802154.rs,driver/chips/esp32s31/pac,open-esp-radio-esp32s31-pac,closed-radio-pac,rust,2942,1,6,driver/chips/esp32s31/pac/src/ieee802154.rs
driver/chips/esp32s31/pac/src/ieee802154_timing.rs,driver/chips/esp32s31/pac,open-esp-radio-esp32s31-pac,closed-radio-pac,rust,238,1,1,driver/chips/esp32s31/pac/src/ieee802154_timing.rs
driver/chips/esp32s31/pac/src/iq_estimator.rs,driver/chips/esp32s31/pac,open-esp-radio-esp32s31-pac,closed-radio-pac,rust,118,0,0,driver/chips/esp32s31/pac/src/iq_estimator.rs
driver/chips/esp32s31/pac/src/lib.rs,driver/chips/esp32s31/pac,open-esp-radio-esp32s31-pac,closed-radio-pac,rust,2395,1,11,driver/chips/esp32s31/pac/src/lib.rs
driver/chips/esp32s31/pac/src/lp_phy_aux.rs,driver/chips/esp32s31/pac,open-esp-radio-esp32s31-pac,closed-radio-pac,rust,80,0,0,driver/chips/esp32s31/pac/src/lp_phy_aux.rs
driver/chips/esp32s31/pac/src/mac_antenna_init.rs,driver/chips/esp32s31/pac,open-esp-radio-esp32s31-pac,closed-radio-pac,rust,47,0,0,driver/chips/esp32s31/pac/src/mac_antenna_init.rs
driver/chips/esp32s31/pac/src/mac_block_ack.rs,driver/chips/esp32s31/pac,open-esp-radio-esp32s31-pac,closed-radio-pac,rust,882,1,1,driver/chips/esp32s31/pac/src/mac_block_ack.rs
driver/chips/esp32s31/pac/src/mac_channel.rs,driver/chips/esp32s31/pac,open-esp-radio-esp32s31-pac,closed-radio-pac,rust,68,0,0,driver/chips/esp32s31/pac/src/mac_channel.rs
driver/chips/esp32s31/pac/src/mac_coex_init.rs,driver/chips/esp32s31/pac,open-esp-radio-esp32s31-pac,closed-radio-pac,rust,76,0,0,driver/chips/esp32s31/pac/src/mac_coex_init.rs
driver/chips/esp32s31/pac/src/mac_coex_runtime.rs,driver/chips/esp32s31/pac,open-esp-radio-esp32s31-pac,closed-radio-pac,rust,64,0,0,driver/chips/esp32s31/pac/src/mac_coex_runtime.rs
driver/chips/esp32s31/pac/src/mac_cold_start.rs,driver/chips/esp32s31/pac,open-esp-radio-esp32s31-pac,closed-radio-pac,rust,45,0,0,driver/chips/esp32s31/pac/src/mac_cold_start.rs
driver/chips/esp32s31/pac/src/mac_crypto.rs,driver/chips/esp32s31/pac,open-esp-radio-esp32s31-pac,closed-radio-pac,rust,247,0,0,driver/chips/esp32s31/pac/src/mac_crypto.rs
driver/chips/esp32s31/pac/src/mac_enable.rs,driver/chips/esp32s31/pac,open-esp-radio-esp32s31-pac,closed-radio-pac,rust,23,0,0,driver/chips/esp32s31/pac/src/mac_enable.rs
driver/chips/esp32s31/pac/src/mac_hal_init_tail.rs,driver/chips/esp32s31/pac,open-esp-radio-esp32s31-pac,closed-radio-pac,rust,67,0,0,driver/chips/esp32s31/pac/src/mac_hal_init_tail.rs
driver/chips/esp32s31/pac/src/mac_he_beamforming.rs,driver/chips/esp32s31/pac,open-esp-radio-esp32s31-pac,closed-radio-pac,rust,233,1,2,driver/chips/esp32s31/pac/src/mac_he_beamforming.rs
driver/chips/esp32s31/pac/src/mac_he_init.rs,driver/chips/esp32s31/pac,open-esp-radio-esp32s31-pac,closed-radio-pac,rust,114,0,0,driver/chips/esp32s31/pac/src/mac_he_init.rs
driver/chips/esp32s31/pac/src/mac_he_init_suffix.rs,driver/chips/esp32s31/pac,open-esp-radio-esp32s31-pac,closed-radio-pac,rust,190,0,0,driver/chips/esp32s31/pac/src/mac_he_init_suffix.rs
driver/chips/esp32s31/pac/src/mac_he_ofdma.rs,driver/chips/esp32s31/pac,open-esp-radio-esp32s31-pac,closed-radio-pac,rust,1007,1,4,driver/chips/esp32s31/pac/src/mac_he_ofdma.rs
driver/chips/esp32s31/pac/src/mac_he_peer.rs,driver/chips/esp32s31/pac,open-esp-radio-esp32s31-pac,closed-radio-pac,rust,174,0,0,driver/chips/esp32s31/pac/src/mac_he_peer.rs
driver/chips/esp32s31/pac/src/mac_he_tb.rs,driver/chips/esp32s31/pac,open-esp-radio-esp32s31-pac,closed-radio-pac,rust,116,0,0,driver/chips/esp32s31/pac/src/mac_he_tb.rs
driver/chips/esp32s31/pac/src/mac_interface_address.rs,driver/chips/esp32s31/pac,open-esp-radio-esp32s31-pac,closed-radio-pac,rust,41,0,0,driver/chips/esp32s31/pac/src/mac_interface_address.rs
driver/chips/esp32s31/pac/src/mac_interrupt.rs,driver/chips/esp32s31/pac,open-esp-radio-esp32s31-pac,closed-radio-pac,rust,532,1,1,driver/chips/esp32s31/pac/src/mac_interrupt.rs
driver/chips/esp32s31/pac/src/mac_last_rx_buffer.rs,driver/chips/esp32s31/pac,open-esp-radio-esp32s31-pac,closed-radio-pac,rust,70,0,0,driver/chips/esp32s31/pac/src/mac_last_rx_buffer.rs
driver/chips/esp32s31/pac/src/mac_modem_wakeup.rs,driver/chips/esp32s31/pac,open-esp-radio-esp32s31-pac,closed-radio-pac,rust,747,1,5,driver/chips/esp32s31/pac/src/mac_modem_wakeup.rs
driver/chips/esp32s31/pac/src/mac_rx_dma.rs,driver/chips/esp32s31/pac,open-esp-radio-esp32s31-pac,closed-radio-pac,rust,201,0,0,driver/chips/esp32s31/pac/src/mac_rx_dma.rs
driver/chips/esp32s31/pac/src/mac_rx_policy.rs,driver/chips/esp32s31/pac,open-esp-radio-esp32s31-pac,closed-radio-pac,rust,495,0,0,driver/chips/esp32s31/pac/src/mac_rx_policy.rs
driver/chips/esp32s31/pac/src/mac_rx_statistics.rs,driver/chips/esp32s31/pac,open-esp-radio-esp32s31-pac,closed-radio-pac,rust,434,1,4,driver/chips/esp32s31/pac/src/mac_rx_statistics.rs
driver/chips/esp32s31/pac/src/mac_sniffer.rs,driver/chips/esp32s31/pac,open-esp-radio-esp32s31-pac,closed-radio-pac,rust,42,0,0,driver/chips/esp32s31/pac/src/mac_sniffer.rs
driver/chips/esp32s31/pac/src/mac_softap_tsf.rs,driver/chips/esp32s31/pac,open-esp-radio-esp32s31-pac,closed-radio-pac,rust,66,0,0,driver/chips/esp32s31/pac/src/mac_softap_tsf.rs
driver/chips/esp32s31/pac/src/mac_tsf.rs,driver/chips/esp32s31/pac,open-esp-radio-esp32s31-pac,closed-radio-pac,rust,212,0,0,driver/chips/esp32s31/pac/src/mac_tsf.rs
driver/chips/esp32s31/pac/src/mac_tx.rs,driver/chips/esp32s31/pac,open-esp-radio-esp32s31-pac,closed-radio-pac,rust,1465,0,0,driver/chips/esp32s31/pac/src/mac_tx.rs
driver/chips/esp32s31/pac/src/mac_tx_power_init.rs,driver/chips/esp32s31/pac,open-esp-radio-esp32s31-pac,closed-radio-pac,rust,353,1,4,driver/chips/esp32s31/pac/src/mac_tx_power_init.rs
driver/chips/esp32s31/pac/src/mac_tx_queue.rs,driver/chips/esp32s31/pac,open-esp-radio-esp32s31-pac,closed-radio-pac,rust,204,1,1,driver/chips/esp32s31/pac/src/mac_tx_queue.rs
driver/chips/esp32s31/pac/src/mac_tx_statistics.rs,driver/chips/esp32s31/pac,open-esp-radio-esp32s31-pac,closed-radio-pac,rust,72,1,1,driver/chips/esp32s31/pac/src/mac_tx_statistics.rs
driver/chips/esp32s31/pac/src/mac_txrx_init.rs,driver/chips/esp32s31/pac,open-esp-radio-esp32s31-pac,closed-radio-pac,rust,158,0,0,driver/chips/esp32s31/pac/src/mac_txrx_init.rs
driver/chips/esp32s31/pac/src/modem_lpcon_phy.rs,driver/chips/esp32s31/pac,open-esp-radio-esp32s31-pac,closed-radio-pac,rust,24,0,0,driver/chips/esp32s31/pac/src/modem_lpcon_phy.rs
driver/chips/esp32s31/pac/src/modem_shared_clock.rs,driver/chips/esp32s31/pac,open-esp-radio-esp32s31-pac,closed-radio-pac,rust,407,1,1,driver/chips/esp32s31/pac/src/modem_shared_clock.rs
driver/chips/esp32s31/pac/src/modem_syscon.rs,driver/chips/esp32s31/pac,open-esp-radio-esp32s31-pac,closed-radio-pac,rust,839,1,4,driver/chips/esp32s31/pac/src/modem_syscon.rs
driver/chips/esp32s31/pac/src/pbus.rs,driver/chips/esp32s31/pac,open-esp-radio-esp32s31-pac,closed-radio-pac,rust,128,0,0,driver/chips/esp32s31/pac/src/pbus.rs
driver/chips/esp32s31/pac/src/phy.rs,driver/chips/esp32s31/pac,open-esp-radio-esp32s31-pac,closed-radio-pac,rust,41,0,0,driver/chips/esp32s31/pac/src/phy.rs
driver/chips/esp32s31/pac/src/phy_i2c.rs,driver/chips/esp32s31/pac,open-esp-radio-esp32s31-pac,closed-radio-pac,rust,1720,1,4,driver/chips/esp32s31/pac/src/phy_i2c.rs
driver/chips/esp32s31/pac/src/platform_clock_power.rs,driver/chips/esp32s31/pac,open-esp-radio-esp32s31-pac,closed-radio-pac,rust,256,1,1,driver/chips/esp32s31/pac/src/platform_clock_power.rs
driver/chips/esp32s31/pac/src/table_memory.rs,driver/chips/esp32s31/pac,open-esp-radio-esp32s31-pac,closed-radio-pac,rust,297,0,0,driver/chips/esp32s31/pac/src/table_memory.rs
driver/chips/esp32s31/pac/src/validation.rs,driver/chips/esp32s31/pac,open-esp-radio-esp32s31-pac,closed-radio-pac,rust,199,0,0,driver/chips/esp32s31/pac/src/validation.rs
driver/chips/esp32s31/pac/src/validation_transactions.rs,driver/chips/esp32s31/pac,open-esp-radio-esp32s31-pac,closed-radio-pac,rust,94,0,0,driver/chips/esp32s31/pac/src/validation_transactions.rs
driver/chips/esp32s31/phy/Cargo.toml,driver/chips/esp32s31/phy,open-esp-radio-esp32s31-phy,chip-phy,manifest,21,0,0,driver/chips/esp32s31/phy/Cargo.toml
driver/chips/esp32s31/phy/src/executor.rs,driver/chips/esp32s31/phy,open-esp-radio-esp32s31-phy,chip-phy,rust,446,1,4,driver/chips/esp32s31/phy/src/executor.rs
driver/chips/esp32s31/phy/src/ieee802154_timing_boundary.rs,driver/chips/esp32s31/phy,open-esp-radio-esp32s31-phy,chip-phy,rust,31,0,0,driver/chips/esp32s31/phy/src/ieee802154_timing_boundary.rs
driver/chips/esp32s31/phy/src/lib.rs,driver/chips/esp32s31/phy,open-esp-radio-esp32s31-phy,chip-phy,rust,116,0,0,driver/chips/esp32s31/phy/src/lib.rs
driver/chips/esp32s31/phy/src/phy_bb.rs,driver/chips/esp32s31/phy,open-esp-radio-esp32s31-phy,chip-phy,rust,1718,1,11,driver/chips/esp32s31/phy/src/phy_bb.rs
driver/chips/esp32s31/phy/src/phy_bluetooth.rs,driver/chips/esp32s31/phy,open-esp-radio-esp32s31-phy,chip-phy,rust,1497,1,9,driver/chips/esp32s31/phy/src/phy_bluetooth.rs
driver/chips/esp32s31/phy/src/phy_cal_tracking.rs,driver/chips/esp32s31/phy,open-esp-radio-esp32s31-phy,chip-phy,rust,2093,1,16,driver/chips/esp32s31/phy/src/phy_cal_tracking.rs
driver/chips/esp32s31/phy/src/phy_channel.rs,driver/chips/esp32s31/phy,open-esp-radio-esp32s31-phy,chip-phy,rust,1549,1,8,driver/chips/esp32s31/phy/src/phy_channel.rs
driver/chips/esp32s31/phy/src/phy_client.rs,driver/chips/esp32s31/phy,open-esp-radio-esp32s31-phy,chip-phy,rust,1610,1,16,driver/chips/esp32s31/phy/src/phy_client.rs
driver/chips/esp32s31/phy/src/phy_cold.rs,driver/chips/esp32s31/phy,open-esp-radio-esp32s31-phy,chip-phy,rust,3220,1,18,driver/chips/esp32s31/phy/src/phy_cold.rs
driver/chips/esp32s31/phy/src/phy_dc_iq.rs,driver/chips/esp32s31/phy,open-esp-radio-esp32s31-phy,chip-phy,rust,802,1,5,driver/chips/esp32s31/phy/src/phy_dc_iq.rs
driver/chips/esp32s31/phy/src/phy_dcode.rs,driver/chips/esp32s31/phy,open-esp-radio-esp32s31-phy,chip-phy,rust,526,1,6,driver/chips/esp32s31/phy/src/phy_dcode.rs
driver/chips/esp32s31/phy/src/phy_frequency.rs,driver/chips/esp32s31/phy,open-esp-radio-esp32s31-phy,chip-phy,rust,2070,1,13,driver/chips/esp32s31/phy/src/phy_frequency.rs
driver/chips/esp32s31/phy/src/phy_hardware.rs,driver/chips/esp32s31/phy,open-esp-radio-esp32s31-phy,chip-phy,rust,569,1,2,driver/chips/esp32s31/phy/src/phy_hardware.rs
driver/chips/esp32s31/phy/src/phy_i2c.rs,driver/chips/esp32s31/phy,open-esp-radio-esp32s31-phy,chip-phy,rust,3114,1,11,driver/chips/esp32s31/phy/src/phy_i2c.rs
driver/chips/esp32s31/phy/src/phy_i2c_tracking.rs,driver/chips/esp32s31/phy,open-esp-radio-esp32s31-phy,chip-phy,rust,263,1,3,driver/chips/esp32s31/phy/src/phy_i2c_tracking.rs
driver/chips/esp32s31/phy/src/phy_math.rs,driver/chips/esp32s31/phy,open-esp-radio-esp32s31-phy,chip-phy,rust,55,1,2,driver/chips/esp32s31/phy/src/phy_math.rs
driver/chips/esp32s31/phy/src/phy_param_tracking.rs,driver/chips/esp32s31/phy,open-esp-radio-esp32s31-phy,chip-phy,rust,1354,1,10,driver/chips/esp32s31/phy/src/phy_param_tracking.rs
driver/chips/esp32s31/phy/src/phy_pbus.rs,driver/chips/esp32s31/phy,open-esp-radio-esp32s31-phy,chip-phy,rust,828,1,8,driver/chips/esp32s31/phy/src/phy_pbus.rs
driver/chips/esp32s31/phy/src/phy_pbus_memory.rs,driver/chips/esp32s31/phy,open-esp-radio-esp32s31-phy,chip-phy,rust,478,1,3,driver/chips/esp32s31/phy/src/phy_pbus_memory.rs
driver/chips/esp32s31/phy/src/phy_power_tracking.rs,driver/chips/esp32s31/phy,open-esp-radio-esp32s31-phy,chip-phy,rust,570,1,5,driver/chips/esp32s31/phy/src/phy_power_tracking.rs
driver/chips/esp32s31/phy/src/phy_pwdet.rs,driver/chips/esp32s31/phy,open-esp-radio-esp32s31-phy,chip-phy,rust,1507,1,8,driver/chips/esp32s31/phy/src/phy_pwdet.rs
driver/chips/esp32s31/phy/src/phy_register.rs,driver/chips/esp32s31/phy,open-esp-radio-esp32s31-phy,chip-phy,rust,2205,1,17,driver/chips/esp32s31/phy/src/phy_register.rs
driver/chips/esp32s31/phy/src/phy_rfpll.rs,driver/chips/esp32s31/phy,open-esp-radio-esp32s31-phy,chip-phy,rust,2117,1,14,driver/chips/esp32s31/phy/src/phy_rfpll.rs
driver/chips/esp32s31/phy/src/phy_rx_dco.rs,driver/chips/esp32s31/phy,open-esp-radio-esp32s31-phy,chip-phy,rust,1186,1,9,driver/chips/esp32s31/phy/src/phy_rx_dco.rs
driver/chips/esp32s31/phy/src/phy_rx_gain.rs,driver/chips/esp32s31/phy,open-esp-radio-esp32s31-phy,chip-phy,rust,1174,1,4,driver/chips/esp32s31/phy/src/phy_rx_gain.rs
driver/chips/esp32s31/phy/src/phy_rx_gain_cal.rs,driver/chips/esp32s31/phy,open-esp-radio-esp32s31-phy,chip-phy,rust,2473,1,8,driver/chips/esp32s31/phy/src/phy_rx_gain_cal.rs
driver/chips/esp32s31/phy/src/phy_rx_saturation.rs,driver/chips/esp32s31/phy,open-esp-radio-esp32s31-phy,chip-phy,rust,577,1,5,driver/chips/esp32s31/phy/src/phy_rx_saturation.rs
driver/chips/esp32s31/phy/src/phy_rxiq.rs,driver/chips/esp32s31/phy,open-esp-radio-esp32s31-phy,chip-phy,rust,3660,1,8,driver/chips/esp32s31/phy/src/phy_rxiq.rs
driver/chips/esp32s31/phy/src/phy_signal_power.rs,driver/chips/esp32s31/phy,open-esp-radio-esp32s31-phy,chip-phy,rust,587,1,5,driver/chips/esp32s31/phy/src/phy_signal_power.rs
driver/chips/esp32s31/phy/src/phy_state.rs,driver/chips/esp32s31/phy,open-esp-radio-esp32s31-phy,chip-phy,rust,1916,1,13,driver/chips/esp32s31/phy/src/phy_state.rs
driver/chips/esp32s31/phy/src/phy_temperature.rs,driver/chips/esp32s31/phy,open-esp-radio-esp32s31-phy,chip-phy,rust,610,1,9,driver/chips/esp32s31/phy/src/phy_temperature.rs
driver/chips/esp32s31/phy/src/phy_tx_cal.rs,driver/chips/esp32s31/phy,open-esp-radio-esp32s31-phy,chip-phy,rust,2181,1,6,driver/chips/esp32s31/phy/src/phy_tx_cal.rs
driver/chips/esp32s31/phy/src/phy_tx_power.rs,driver/chips/esp32s31/phy,open-esp-radio-esp32s31-phy,chip-phy,rust,1591,1,12,driver/chips/esp32s31/phy/src/phy_tx_power.rs
driver/chips/esp32s31/phy/src/phy_txdc.rs,driver/chips/esp32s31/phy,open-esp-radio-esp32s31-phy,chip-phy,rust,1329,1,8,driver/chips/esp32s31/phy/src/phy_txdc.rs
driver/chips/esp32s31/phy/src/phy_txdc_pwdet.rs,driver/chips/esp32s31/phy,open-esp-radio-esp32s31-phy,chip-phy,rust,1717,1,5,driver/chips/esp32s31/phy/src/phy_txdc_pwdet.rs
driver/chips/esp32s31/phy/src/phy_txiq.rs,driver/chips/esp32s31/phy,open-esp-radio-esp32s31-phy,chip-phy,rust,2729,1,6,driver/chips/esp32s31/phy/src/phy_txiq.rs
driver/chips/esp32s31/phy/src/phy_xtal_duty.rs,driver/chips/esp32s31/phy,open-esp-radio-esp32s31-phy,chip-phy,rust,2011,1,6,driver/chips/esp32s31/phy/src/phy_xtal_duty.rs
driver/chips/esp32s31/phy/src/registered_bluetooth.rs,driver/chips/esp32s31/phy,open-esp-radio-esp32s31-phy,chip-phy,rust,384,1,3,driver/chips/esp32s31/phy/src/registered_bluetooth.rs
driver/chips/esp32s31/phy/src/registered_ieee802154.rs,driver/chips/esp32s31/phy,open-esp-radio-esp32s31-phy,chip-phy,rust,1125,1,2,driver/chips/esp32s31/phy/src/registered_ieee802154.rs
driver/chips/esp32s31/phy/src/registered_radio.rs,driver/chips/esp32s31/phy,open-esp-radio-esp32s31-phy,chip-phy,rust,674,1,2,driver/chips/esp32s31/phy/src/registered_radio.rs
driver/chips/esp32s31/phy/src/size_limits.rs,driver/chips/esp32s31/phy,open-esp-radio-esp32s31-phy,chip-phy,rust,38,0,0,driver/chips/esp32s31/phy/src/size_limits.rs
driver/chips/esp32s31/phy/src/target_executor.rs,driver/chips/esp32s31/phy,open-esp-radio-esp32s31-phy,chip-phy,rust,393,0,0,driver/chips/esp32s31/phy/src/target_executor.rs
driver/chips/esp32s31/phy/src/target_port.rs,driver/chips/esp32s31/phy,open-esp-radio-esp32s31-phy,chip-phy,rust,2917,0,0,driver/chips/esp32s31/phy/src/target_port.rs
driver/chips/esp32s31/phy/src/validation.rs,driver/chips/esp32s31/phy,open-esp-radio-esp32s31-phy,chip-phy,rust,24,0,0,driver/chips/esp32s31/phy/src/validation.rs
driver/chips/esp32s31/platform-pac/Cargo.toml,driver/chips/esp32s31/platform-pac,open-esp-radio-esp32s31-platform-pac,soc-esp-hal-binding,manifest,25,0,0,driver/adapters/esp-hal/esp32s31/soc/Cargo.toml
driver/chips/esp32s31/platform-pac/src/axi_gdma_mem2mem.rs,driver/chips/esp32s31/platform-pac,open-esp-radio-esp32s31-platform-pac,soc-esp-hal-binding,rust,959,1,3,driver/adapters/esp-hal/esp32s31/soc/src/axi_gdma_mem2mem.rs
driver/chips/esp32s31/platform-pac/src/cache_maintenance.rs,driver/chips/esp32s31/platform-pac,open-esp-radio-esp32s31-platform-pac,soc-esp-hal-binding,rust,110,1,2,driver/adapters/esp-hal/esp32s31/soc/src/cache_maintenance.rs
driver/chips/esp32s31/platform-pac/src/cache_performance.rs,driver/chips/esp32s31/platform-pac,open-esp-radio-esp32s31-platform-pac,soc-esp-hal-binding,rust,266,1,1,driver/adapters/esp-hal/esp32s31/soc/src/cache_performance.rs
driver/chips/esp32s31/platform-pac/src/flash_mmu.rs,driver/chips/esp32s31/platform-pac,open-esp-radio-esp32s31-platform-pac,soc-esp-hal-binding,rust,52,0,0,driver/adapters/esp-hal/esp32s31/soc/src/flash_mmu.rs
driver/chips/esp32s31/platform-pac/src/lib.rs,driver/chips/esp32s31/platform-pac,open-esp-radio-esp32s31-platform-pac,soc-esp-hal-binding,rust,32,0,0,driver/adapters/esp-hal/esp32s31/soc/src/lib.rs
driver/chips/esp32s31/wifi/Cargo.toml,driver/chips/esp32s31/wifi,open-esp-radio-esp32s31-wifi,chip-wifi,manifest,29,0,0,driver/chips/esp32s31/wifi/Cargo.toml
driver/chips/esp32s31/wifi/FEATURES.md,driver/chips/esp32s31/wifi,open-esp-radio-esp32s31-wifi,chip-wifi,documentation,141,0,0,driver/chips/esp32s31/wifi/FEATURES.md
driver/chips/esp32s31/wifi/ap/Cargo.toml,driver/chips/esp32s31/wifi/ap,open-esp-radio-esp32s31-wifi-ap,chip-wifi,manifest,28,0,0,driver/chips/esp32s31/wifi/ap/Cargo.toml
driver/chips/esp32s31/wifi/ap/src/ampdu.rs,driver/chips/esp32s31/wifi/ap,open-esp-radio-esp32s31-wifi-ap,chip-wifi,rust,534,0,0,driver/chips/esp32s31/wifi/ap/src/ampdu.rs
driver/chips/esp32s31/wifi/ap/src/beacon.rs,driver/chips/esp32s31/wifi/ap,open-esp-radio-esp32s31-wifi-ap,chip-wifi,rust,212,1,2,driver/chips/esp32s31/wifi/ap/src/beacon.rs
driver/chips/esp32s31/wifi/ap/src/engine.rs,driver/chips/esp32s31/wifi/ap,open-esp-radio-esp32s31-wifi-ap,chip-wifi,rust,2526,1,4,driver/chips/esp32s31/wifi/ap/src/engine.rs
driver/chips/esp32s31/wifi/ap/src/lib.rs,driver/chips/esp32s31/wifi/ap,open-esp-radio-esp32s31-wifi-ap,chip-wifi,rust,21,0,0,driver/chips/esp32s31/wifi/ap/src/lib.rs
driver/chips/esp32s31/wifi/ap/src/mac.rs,driver/chips/esp32s31/wifi/ap,open-esp-radio-esp32s31-wifi-ap,chip-wifi,rust,1416,1,2,driver/chips/esp32s31/wifi/ap/src/mac.rs
driver/chips/esp32s31/wifi/ap/src/rx.rs,driver/chips/esp32s31/wifi/ap,open-esp-radio-esp32s31-wifi-ap,chip-wifi,rust,2165,1,9,driver/chips/esp32s31/wifi/ap/src/rx.rs
driver/chips/esp32s31/wifi/ap/src/security.rs,driver/chips/esp32s31/wifi/ap,open-esp-radio-esp32s31-wifi-ap,chip-wifi,rust,706,1,3,driver/chips/esp32s31/wifi/ap/src/security.rs
driver/chips/esp32s31/wifi/ap/src/tx.rs,driver/chips/esp32s31/wifi/ap,open-esp-radio-esp32s31-wifi-ap,chip-wifi,rust,931,1,7,driver/chips/esp32s31/wifi/ap/src/tx.rs
driver/chips/esp32s31/wifi/dma/Cargo.toml,driver/chips/esp32s31/wifi/dma,open-esp-radio-esp32s31-wifi-dma,chip-wifi,manifest,22,0,0,driver/chips/esp32s31/wifi/dma/Cargo.toml
driver/chips/esp32s31/wifi/dma/src/descriptor.rs,driver/chips/esp32s31/wifi/dma,open-esp-radio-esp32s31-wifi-dma,chip-wifi,rust,174,0,0,driver/chips/esp32s31/wifi/dma/src/descriptor.rs
driver/chips/esp32s31/wifi/dma/src/lib.rs,driver/chips/esp32s31/wifi/dma,open-esp-radio-esp32s31-wifi-dma,chip-wifi,rust,33,0,0,driver/chips/esp32s31/wifi/dma/src/lib.rs
driver/chips/esp32s31/wifi/dma/src/rx_dma.rs,driver/chips/esp32s31/wifi/dma,open-esp-radio-esp32s31-wifi-dma,chip-wifi,rust,480,0,0,driver/chips/esp32s31/wifi/dma/src/rx_dma.rs
driver/chips/esp32s31/wifi/dma/src/rx_ring.rs,driver/chips/esp32s31/wifi/dma,open-esp-radio-esp32s31-wifi-dma,chip-wifi,rust,2753,0,2,driver/chips/esp32s31/wifi/dma/src/rx_ring.rs
driver/chips/esp32s31/wifi/dma/src/rx_storage.rs,driver/chips/esp32s31/wifi/dma,open-esp-radio-esp32s31-wifi-dma,chip-wifi,rust,2332,1,21,driver/chips/esp32s31/wifi/dma/src/rx_storage.rs
driver/chips/esp32s31/wifi/dma/src/tx_ampdu_storage.rs,driver/chips/esp32s31/wifi/dma,open-esp-radio-esp32s31-wifi-dma,chip-wifi,rust,2050,1,22,driver/chips/esp32s31/wifi/dma/src/tx_ampdu_storage.rs
driver/chips/esp32s31/wifi/dma/src/tx_storage.rs,driver/chips/esp32s31/wifi/dma,open-esp-radio-esp32s31-wifi-dma,chip-wifi,rust,494,1,7,driver/chips/esp32s31/wifi/dma/src/tx_storage.rs
driver/chips/esp32s31/wifi/mac/Cargo.toml,driver/chips/esp32s31/wifi/mac,open-esp-radio-esp32s31-wifi-mac,chip-wifi,manifest,32,0,0,driver/chips/esp32s31/wifi/mac/Cargo.toml
driver/chips/esp32s31/wifi/mac/src/ap_policy.rs,driver/chips/esp32s31/wifi/mac,open-esp-radio-esp32s31-wifi-mac,chip-wifi,rust,66,1,1,driver/chips/esp32s31/wifi/mac/src/ap_policy.rs
driver/chips/esp32s31/wifi/mac/src/ap_tsf.rs,driver/chips/esp32s31/wifi/mac,open-esp-radio-esp32s31-wifi-mac,chip-wifi,rust,75,1,1,driver/chips/esp32s31/wifi/mac/src/ap_tsf.rs
driver/chips/esp32s31/wifi/mac/src/capabilities.rs,driver/chips/esp32s31/wifi/mac,open-esp-radio-esp32s31-wifi-mac,chip-wifi,rust,135,1,3,driver/chips/esp32s31/wifi/mac/src/capabilities.rs
driver/chips/esp32s31/wifi/mac/src/channel_state.rs,driver/chips/esp32s31/wifi/mac,open-esp-radio-esp32s31-wifi-mac,chip-wifi,rust,270,1,4,driver/chips/esp32s31/wifi/mac/src/channel_state.rs
driver/chips/esp32s31/wifi/mac/src/coex_runtime.rs,driver/chips/esp32s31/wifi/mac,open-esp-radio-esp32s31-wifi-mac,chip-wifi,rust,146,1,2,driver/chips/esp32s31/wifi/mac/src/coex_runtime.rs
driver/chips/esp32s31/wifi/mac/src/cold_antenna.rs,driver/chips/esp32s31/wifi/mac,open-esp-radio-esp32s31-wifi-mac,chip-wifi,rust,13,0,0,driver/chips/esp32s31/wifi/mac/src/cold_antenna.rs
driver/chips/esp32s31/wifi/mac/src/cold_coex.rs,driver/chips/esp32s31/wifi/mac,open-esp-radio-esp32s31-wifi-mac,chip-wifi,rust,130,1,1,driver/chips/esp32s31/wifi/mac/src/cold_coex.rs
driver/chips/esp32s31/wifi/mac/src/cold_crypto.rs,driver/chips/esp32s31/wifi/mac,open-esp-radio-esp32s31-wifi-mac,chip-wifi,rust,13,0,0,driver/chips/esp32s31/wifi/mac/src/cold_crypto.rs
driver/chips/esp32s31/wifi/mac/src/cold_enable.rs,driver/chips/esp32s31/wifi/mac,open-esp-radio-esp32s31-wifi-mac,chip-wifi,rust,13,0,0,driver/chips/esp32s31/wifi/mac/src/cold_enable.rs
driver/chips/esp32s31/wifi/mac/src/cold_hal_tail.rs,driver/chips/esp32s31/wifi/mac,open-esp-radio-esp32s31-wifi-mac,chip-wifi,rust,56,0,0,driver/chips/esp32s31/wifi/mac/src/cold_hal_tail.rs
driver/chips/esp32s31/wifi/mac/src/cold_handshake.rs,driver/chips/esp32s31/wifi/mac,open-esp-radio-esp32s31-wifi-mac,chip-wifi,rust,45,0,0,driver/chips/esp32s31/wifi/mac/src/cold_handshake.rs
driver/chips/esp32s31/wifi/mac/src/cold_he.rs,driver/chips/esp32s31/wifi/mac,open-esp-radio-esp32s31-wifi-mac,chip-wifi,rust,59,0,0,driver/chips/esp32s31/wifi/mac/src/cold_he.rs
driver/chips/esp32s31/wifi/mac/src/cold_last_rx_buffer.rs,driver/chips/esp32s31/wifi/mac,open-esp-radio-esp32s31-wifi-mac,chip-wifi,rust,13,0,0,driver/chips/esp32s31/wifi/mac/src/cold_last_rx_buffer.rs
driver/chips/esp32s31/wifi/mac/src/cold_rx_buffer.rs,driver/chips/esp32s31/wifi/mac,open-esp-radio-esp32s31-wifi-mac,chip-wifi,rust,13,0,0,driver/chips/esp32s31/wifi/mac/src/cold_rx_buffer.rs
driver/chips/esp32s31/wifi/mac/src/cold_rx_policy.rs,driver/chips/esp32s31/wifi/mac,open-esp-radio-esp32s31-wifi-mac,chip-wifi,rust,13,0,0,driver/chips/esp32s31/wifi/mac/src/cold_rx_policy.rs
driver/chips/esp32s31/wifi/mac/src/cold_txrx.rs,driver/chips/esp32s31/wifi/mac,open-esp-radio-esp32s31-wifi-mac,chip-wifi,rust,40,0,0,driver/chips/esp32s31/wifi/mac/src/cold_txrx.rs
driver/chips/esp32s31/wifi/mac/src/crypto.rs,driver/chips/esp32s31/wifi/mac,open-esp-radio-esp32s31-wifi-mac,chip-wifi,rust,780,1,9,driver/chips/esp32s31/wifi/mac/src/crypto.rs
driver/chips/esp32s31/wifi/mac/src/edca.rs,driver/chips/esp32s31/wifi/mac,open-esp-radio-esp32s31-wifi-mac,chip-wifi,rust,434,1,6,driver/chips/esp32s31/wifi/mac/src/edca.rs
driver/chips/esp32s31/wifi/mac/src/he.rs,driver/chips/esp32s31/wifi/mac,open-esp-radio-esp32s31-wifi-mac,chip-wifi,rust,232,1,2,driver/chips/esp32s31/wifi/mac/src/he.rs
driver/chips/esp32s31/wifi/mac/src/init.rs,driver/chips/esp32s31/wifi/mac,open-esp-radio-esp32s31-wifi-mac,chip-wifi,rust,250,0,0,driver/chips/esp32s31/wifi/mac/src/init.rs
driver/chips/esp32s31/wifi/mac/src/interface_address.rs,driver/chips/esp32s31/wifi/mac,open-esp-radio-esp32s31-wifi-mac,chip-wifi,rust,24,0,0,driver/chips/esp32s31/wifi/mac/src/interface_address.rs
driver/chips/esp32s31/wifi/mac/src/irq.rs,driver/chips/esp32s31/wifi/mac,open-esp-radio-esp32s31-wifi-mac,chip-wifi,rust,379,0,0,driver/chips/esp32s31/wifi/mac/src/irq.rs
driver/chips/esp32s31/wifi/mac/src/lib.rs,driver/chips/esp32s31/wifi/mac,open-esp-radio-esp32s31-wifi-mac,chip-wifi,rust,54,0,0,driver/chips/esp32s31/wifi/mac/src/lib.rs
driver/chips/esp32s31/wifi/mac/src/low_rate.rs,driver/chips/esp32s31/wifi/mac,open-esp-radio-esp32s31-wifi-mac,chip-wifi,rust,335,1,5,driver/chips/esp32s31/wifi/mac/src/low_rate.rs
driver/chips/esp32s31/wifi/mac/src/rate_control.rs,driver/chips/esp32s31/wifi/mac,open-esp-radio-esp32s31-wifi-mac,chip-wifi,rust,2183,1,28,driver/chips/esp32s31/wifi/mac/src/rate_control.rs
driver/chips/esp32s31/wifi/mac/src/rate_rx.rs,driver/chips/esp32s31/wifi/mac,open-esp-radio-esp32s31-wifi-mac,chip-wifi,rust,143,1,5,driver/chips/esp32s31/wifi/mac/src/rate_rx.rs
driver/chips/esp32s31/wifi/mac/src/rate_schedule.rs,driver/chips/esp32s31/wifi/mac,open-esp-radio-esp32s31-wifi-mac,chip-wifi,rust,315,1,3,driver/chips/esp32s31/wifi/mac/src/rate_schedule.rs
driver/chips/esp32s31/wifi/mac/src/rx.rs,driver/chips/esp32s31/wifi/mac,open-esp-radio-esp32s31-wifi-mac,chip-wifi,rust,1491,0,0,driver/chips/esp32s31/wifi/mac/src/rx.rs
driver/chips/esp32s31/wifi/mac/src/rx_ampdu.rs,driver/chips/esp32s31/wifi/mac,open-esp-radio-esp32s31-wifi-mac,chip-wifi,rust,2017,1,26,driver/chips/esp32s31/wifi/mac/src/rx_ampdu.rs
driver/chips/esp32s31/wifi/mac/src/rx_ampdu_hw.rs,driver/chips/esp32s31/wifi/mac,open-esp-radio-esp32s31-wifi-mac,chip-wifi,rust,451,1,1,driver/chips/esp32s31/wifi/mac/src/rx_ampdu_hw.rs
driver/chips/esp32s31/wifi/mac/src/rx_pool.rs,driver/chips/esp32s31/wifi/mac,open-esp-radio-esp32s31-wifi-mac,chip-wifi,rust,285,0,0,driver/chips/esp32s31/wifi/mac/src/rx_pool.rs
driver/chips/esp32s31/wifi/mac/src/sniffer.rs,driver/chips/esp32s31/wifi/mac,open-esp-radio-esp32s31-wifi-mac,chip-wifi,rust,41,0,0,driver/chips/esp32s31/wifi/mac/src/sniffer.rs
driver/chips/esp32s31/wifi/mac/src/sta_ap_registers.rs,driver/chips/esp32s31/wifi/mac,open-esp-radio-esp32s31-wifi-mac,chip-wifi,rust,148,1,3,driver/chips/esp32s31/wifi/mac/src/sta_ap_registers.rs
driver/chips/esp32s31/wifi/mac/src/sta_link_policy.rs,driver/chips/esp32s31/wifi/mac,open-esp-radio-esp32s31-wifi-mac,chip-wifi,rust,91,0,0,driver/chips/esp32s31/wifi/mac/src/sta_link_policy.rs
driver/chips/esp32s31/wifi/mac/src/tx.rs,driver/chips/esp32s31/wifi/mac,open-esp-radio-esp32s31-wifi-mac,chip-wifi,rust,3660,0,2,driver/chips/esp32s31/wifi/mac/src/tx.rs
driver/chips/esp32s31/wifi/mac/src/tx_ampdu.rs,driver/chips/esp32s31/wifi/mac,open-esp-radio-esp32s31-wifi-mac,chip-wifi,rust,437,0,0,driver/chips/esp32s31/wifi/mac/src/tx_ampdu.rs
driver/chips/esp32s31/wifi/mac/src/tx_ampdu/block_ack.rs,driver/chips/esp32s31/wifi/mac,open-esp-radio-esp32s31-wifi-mac,chip-wifi,rust,599,1,2,driver/chips/esp32s31/wifi/mac/src/tx_ampdu/block_ack.rs
driver/chips/esp32s31/wifi/mac/src/tx_ampdu/capacity.rs,driver/chips/esp32s31/wifi/mac,open-esp-radio-esp32s31-wifi-mac,chip-wifi,rust,388,0,0,driver/chips/esp32s31/wifi/mac/src/tx_ampdu/capacity.rs
driver/chips/esp32s31/wifi/mac/src/tx_ampdu/commit.rs,driver/chips/esp32s31/wifi/mac,open-esp-radio-esp32s31-wifi-mac,chip-wifi,rust,455,0,0,driver/chips/esp32s31/wifi/mac/src/tx_ampdu/commit.rs
driver/chips/esp32s31/wifi/mac/src/tx_ampdu/hardware.rs,driver/chips/esp32s31/wifi/mac,open-esp-radio-esp32s31-wifi-mac,chip-wifi,rust,120,0,0,driver/chips/esp32s31/wifi/mac/src/tx_ampdu/hardware.rs
driver/chips/esp32s31/wifi/mac/src/tx_ampdu/length.rs,driver/chips/esp32s31/wifi/mac,open-esp-radio-esp32s31-wifi-mac,chip-wifi,rust,207,0,0,driver/chips/esp32s31/wifi/mac/src/tx_ampdu/length.rs
driver/chips/esp32s31/wifi/mac/src/tx_ampdu/lifecycle.rs,driver/chips/esp32s31/wifi/mac,open-esp-radio-esp32s31-wifi-mac,chip-wifi,rust,143,0,0,driver/chips/esp32s31/wifi/mac/src/tx_ampdu/lifecycle.rs
driver/chips/esp32s31/wifi/mac/src/tx_ampdu/model.rs,driver/chips/esp32s31/wifi/mac,open-esp-radio-esp32s31-wifi-mac,chip-wifi,rust,130,0,0,driver/chips/esp32s31/wifi/mac/src/tx_ampdu/model.rs
driver/chips/esp32s31/wifi/mac/src/tx_ampdu/owner.rs,driver/chips/esp32s31/wifi/mac,open-esp-radio-esp32s31-wifi-mac,chip-wifi,rust,790,0,0,driver/chips/esp32s31/wifi/mac/src/tx_ampdu/owner.rs
driver/chips/esp32s31/wifi/mac/src/tx_ampdu/request.rs,driver/chips/esp32s31/wifi/mac,open-esp-radio-esp32s31-wifi-mac,chip-wifi,rust,150,0,0,driver/chips/esp32s31/wifi/mac/src/tx_ampdu/request.rs
driver/chips/esp32s31/wifi/mac/src/tx_ampdu/retry.rs,driver/chips/esp32s31/wifi/mac,open-esp-radio-esp32s31-wifi-mac,chip-wifi,rust,222,0,0,driver/chips/esp32s31/wifi/mac/src/tx_ampdu/retry.rs
driver/chips/esp32s31/wifi/mac/src/tx_ampdu/submission.rs,driver/chips/esp32s31/wifi/mac,open-esp-radio-esp32s31-wifi-mac,chip-wifi,rust,128,0,0,driver/chips/esp32s31/wifi/mac/src/tx_ampdu/submission.rs
driver/chips/esp32s31/wifi/mac/src/tx_ampdu/tests.rs,driver/chips/esp32s31/wifi/mac,open-esp-radio-esp32s31-wifi-mac,chip-wifi,test-rust,1487,0,37,driver/chips/esp32s31/wifi/mac/src/tx_ampdu/tests.rs
driver/chips/esp32s31/wifi/mac/src/tx_policy.rs,driver/chips/esp32s31/wifi/mac,open-esp-radio-esp32s31-wifi-mac,chip-wifi,rust,213,1,5,driver/chips/esp32s31/wifi/mac/src/tx_policy.rs
driver/chips/esp32s31/wifi/mac/src/tx_protection.rs,driver/chips/esp32s31/wifi/mac,open-esp-radio-esp32s31-wifi-mac,chip-wifi,rust,385,1,4,driver/chips/esp32s31/wifi/mac/src/tx_protection.rs
driver/chips/esp32s31/wifi/mac/src/tx_runtime.rs,driver/chips/esp32s31/wifi/mac,open-esp-radio-esp32s31-wifi-mac,chip-wifi,rust,1393,1,18,driver/chips/esp32s31/wifi/mac/src/tx_runtime.rs
driver/chips/esp32s31/wifi/mac/tests/mac.rs,driver/chips/esp32s31/wifi/mac,open-esp-radio-esp32s31-wifi-mac,chip-wifi,test-rust,3951,0,86,driver/chips/esp32s31/wifi/mac/tests/mac.rs
driver/chips/esp32s31/wifi/src/ampdu_tx.rs,driver/chips/esp32s31/wifi,open-esp-radio-esp32s31-wifi,chip-wifi,rust,223,1,3,driver/chips/esp32s31/wifi/src/ampdu_tx.rs
driver/chips/esp32s31/wifi/src/channel.rs,driver/chips/esp32s31/wifi,open-esp-radio-esp32s31-wifi,chip-wifi,rust,79,1,1,driver/chips/esp32s31/wifi/src/channel.rs
driver/chips/esp32s31/wifi/src/cold_start.rs,driver/chips/esp32s31/wifi,open-esp-radio-esp32s31-wifi,chip-wifi,rust,182,0,0,driver/chips/esp32s31/wifi/src/cold_start.rs
driver/chips/esp32s31/wifi/src/cooperative_hardware.rs,driver/chips/esp32s31/wifi,open-esp-radio-esp32s31-wifi,chip-wifi,rust,677,0,0,driver/chips/esp32s31/wifi/src/cooperative_hardware.rs
driver/chips/esp32s31/wifi/src/datapath/lifecycle.rs,driver/chips/esp32s31/wifi,open-esp-radio-esp32s31-wifi,chip-wifi,rust,428,1,6,driver/chips/esp32s31/wifi/src/datapath/lifecycle.rs
driver/chips/esp32s31/wifi/src/datapath/mod.rs,driver/chips/esp32s31/wifi,open-esp-radio-esp32s31-wifi,chip-wifi,rust,111,0,0,driver/chips/esp32s31/wifi/src/datapath/mod.rs
driver/chips/esp32s31/wifi/src/esp_now.rs,driver/chips/esp32s31/wifi,open-esp-radio-esp32s31-wifi,chip-wifi,rust,905,1,4,driver/chips/esp32s31/wifi/src/esp_now.rs
driver/chips/esp32s31/wifi/src/lib.rs,driver/chips/esp32s31/wifi,open-esp-radio-esp32s31-wifi,chip-wifi,rust,30,0,0,driver/chips/esp32s31/wifi/src/lib.rs
driver/chips/esp32s31/wifi/src/mac_start.rs,driver/chips/esp32s31/wifi,open-esp-radio-esp32s31-wifi,chip-wifi,rust,172,0,0,driver/chips/esp32s31/wifi/src/mac_start.rs
driver/chips/esp32s31/wifi/src/monitor_injection.rs,driver/chips/esp32s31/wifi,open-esp-radio-esp32s31-wifi,chip-wifi,rust,116,0,0,driver/chips/esp32s31/wifi/src/monitor_injection.rs
driver/chips/esp32s31/wifi/src/ordinary_tx.rs,driver/chips/esp32s31/wifi,open-esp-radio-esp32s31-wifi,chip-wifi,rust,1035,0,0,driver/chips/esp32s31/wifi/src/ordinary_tx.rs
driver/chips/esp32s31/wifi/src/protected_data_rx.rs,driver/chips/esp32s31/wifi,open-esp-radio-esp32s31-wifi,chip-wifi,rust,349,0,0,driver/chips/esp32s31/wifi/src/protected_data_rx.rs
driver/chips/esp32s31/wifi/src/runtime.rs,driver/chips/esp32s31/wifi,open-esp-radio-esp32s31-wifi,chip-wifi,rust,271,0,0,driver/chips/esp32s31/wifi/src/runtime.rs
driver/chips/esp32s31/wifi/src/tx.rs,driver/chips/esp32s31/wifi,open-esp-radio-esp32s31-wifi,chip-wifi,rust,96,0,0,driver/chips/esp32s31/wifi/src/tx.rs
driver/chips/esp32s31/wifi/sta/Cargo.toml,driver/chips/esp32s31/wifi/sta,open-esp-radio-esp32s31-wifi-sta,chip-wifi,manifest,37,0,0,driver/chips/esp32s31/wifi/sta/Cargo.toml
driver/chips/esp32s31/wifi/sta/README.md,driver/chips/esp32s31/wifi/sta,open-esp-radio-esp32s31-wifi-sta,chip-wifi,documentation,25,0,0,driver/chips/esp32s31/wifi/sta/README.md
driver/chips/esp32s31/wifi/sta/src/association.rs,driver/chips/esp32s31/wifi/sta,open-esp-radio-esp32s31-wifi-sta,chip-wifi,rust,123,1,1,driver/chips/esp32s31/wifi/sta/src/association.rs
driver/chips/esp32s31/wifi/sta/src/attempt.rs,driver/chips/esp32s31/wifi/sta,open-esp-radio-esp32s31-wifi-sta,chip-wifi,rust,947,1,4,driver/chips/esp32s31/wifi/sta/src/attempt.rs
driver/chips/esp32s31/wifi/sta/src/channel.rs,driver/chips/esp32s31/wifi/sta,open-esp-radio-esp32s31-wifi-sta,chip-wifi,rust,99,0,0,driver/chips/esp32s31/wifi/sta/src/channel.rs
driver/chips/esp32s31/wifi/sta/src/connected_control.rs,driver/chips/esp32s31/wifi/sta,open-esp-radio-esp32s31-wifi-sta,chip-wifi,rust,2073,1,3,driver/chips/esp32s31/wifi/sta/src/connected_control.rs
driver/chips/esp32s31/wifi/sta/src/connected_control_hardware.rs,driver/chips/esp32s31/wifi/sta,open-esp-radio-esp32s31-wifi-sta,chip-wifi,rust,287,0,0,driver/chips/esp32s31/wifi/sta/src/connected_control_hardware.rs
driver/chips/esp32s31/wifi/sta/src/connected_rx.rs,driver/chips/esp32s31/wifi/sta,open-esp-radio-esp32s31-wifi-sta,chip-wifi,rust,4271,1,23,driver/chips/esp32s31/wifi/sta/src/connected_rx.rs
driver/chips/esp32s31/wifi/sta/src/control_tx.rs,driver/chips/esp32s31/wifi/sta,open-esp-radio-esp32s31-wifi-sta,chip-wifi,rust,1095,1,8,driver/chips/esp32s31/wifi/sta/src/control_tx.rs
driver/chips/esp32s31/wifi/sta/src/ftm.rs,driver/chips/esp32s31/wifi/sta,open-esp-radio-esp32s31-wifi-sta,chip-wifi,rust,179,1,1,driver/chips/esp32s31/wifi/sta/src/ftm.rs
driver/chips/esp32s31/wifi/sta/src/hardware_beacon_monitor.rs,driver/chips/esp32s31/wifi/sta,open-esp-radio-esp32s31-wifi-sta,chip-wifi,rust,343,1,4,driver/chips/esp32s31/wifi/sta/src/hardware_beacon_monitor.rs
driver/chips/esp32s31/wifi/sta/src/join.rs,driver/chips/esp32s31/wifi/sta,open-esp-radio-esp32s31-wifi-sta,chip-wifi,rust,78,0,0,driver/chips/esp32s31/wifi/sta/src/join.rs
driver/chips/esp32s31/wifi/sta/src/lib.rs,driver/chips/esp32s31/wifi/sta,open-esp-radio-esp32s31-wifi-sta,chip-wifi,rust,50,0,0,driver/chips/esp32s31/wifi/sta/src/lib.rs
driver/chips/esp32s31/wifi/sta/src/peer.rs,driver/chips/esp32s31/wifi/sta,open-esp-radio-esp32s31-wifi-sta,chip-wifi,rust,574,1,2,driver/chips/esp32s31/wifi/sta/src/peer.rs
driver/chips/esp32s31/wifi/sta/src/peer_policy.rs,driver/chips/esp32s31/wifi/sta,open-esp-radio-esp32s31-wifi-sta,chip-wifi,rust,372,1,3,driver/chips/esp32s31/wifi/sta/src/peer_policy.rs
driver/chips/esp32s31/wifi/sta/src/scan.rs,driver/chips/esp32s31/wifi/sta,open-esp-radio-esp32s31-wifi-sta,chip-wifi,rust,555,1,5,driver/chips/esp32s31/wifi/sta/src/scan.rs
driver/chips/esp32s31/wifi/sta/src/scan_tx.rs,driver/chips/esp32s31/wifi/sta,open-esp-radio-esp32s31-wifi-sta,chip-wifi,rust,404,1,2,driver/chips/esp32s31/wifi/sta/src/scan_tx.rs
driver/chips/esp32s31/wifi/sta/src/single_mpdu_tx.rs,driver/chips/esp32s31/wifi/sta,open-esp-radio-esp32s31-wifi-sta,chip-wifi,rust,1862,1,15,driver/chips/esp32s31/wifi/sta/src/single_mpdu_tx.rs
driver/chips/esp32s31/wifi/sta/src/standalone_esp_now_rx.rs,driver/chips/esp32s31/wifi/sta,open-esp-radio-esp32s31-wifi-sta,chip-wifi,rust,202,0,0,driver/chips/esp32s31/wifi/sta/src/standalone_esp_now_rx.rs
driver/chips/esp32s31/wifi/sta/src/tx_epoch.rs,driver/chips/esp32s31/wifi/sta,open-esp-radio-esp32s31-wifi-sta,chip-wifi,rust,89,1,1,driver/chips/esp32s31/wifi/sta/src/tx_epoch.rs
driver/chips/esp32s31/wifi/sta/src/wpa2.rs,driver/chips/esp32s31/wifi/sta,open-esp-radio-esp32s31-wifi-sta,chip-wifi,rust,505,1,1,driver/chips/esp32s31/wifi/sta/src/wpa2.rs
driver/common/dma/Cargo.toml,driver/common/dma,open-esp-radio-dma,common-dma,manifest,18,0,0,driver/common/dma/Cargo.toml
driver/common/dma/src/affine_spsc.rs,driver/common/dma,open-esp-radio-dma,common-dma,rust,354,1,4,driver/common/dma/src/affine_spsc.rs
driver/common/dma/src/lib.rs,driver/common/dma,open-esp-radio-dma,common-dma,rust,217,0,0,driver/common/dma/src/lib.rs
driver/common/dma/src/pinned_tx.rs,driver/common/dma,open-esp-radio-dma,common-dma,rust,781,1,6,driver/common/dma/src/pinned_tx.rs
driver/common/dma/src/rx_external_handoff.rs,driver/common/dma,open-esp-radio-dma,common-dma,rust,514,1,1,driver/common/dma/src/rx_external_handoff.rs
driver/common/dma/src/rx_handoff.rs,driver/common/dma,open-esp-radio-dma,common-dma,rust,432,1,5,driver/common/dma/src/rx_handoff.rs
driver/common/network/Cargo.toml,driver/common/network,open-esp-radio-network,common-network,manifest,11,0,0,driver/common/network/Cargo.toml
driver/common/network/src/lib.rs,driver/common/network,open-esp-radio-network,common-network,rust,58,0,0,driver/common/network/src/lib.rs
driver/ieee802154/Cargo.toml,driver/ieee802154,open-esp-radio-ieee802154,portable-ieee802154,manifest,13,0,0,driver/ieee802154/Cargo.toml
driver/ieee802154/src/capabilities.rs,driver/ieee802154,open-esp-radio-ieee802154,portable-ieee802154,rust,136,1,1,driver/ieee802154/src/capabilities.rs
driver/ieee802154/src/channel.rs,driver/ieee802154,open-esp-radio-ieee802154,portable-ieee802154,rust,107,1,1,driver/ieee802154/src/channel.rs
driver/ieee802154/src/contract.rs,driver/ieee802154,open-esp-radio-ieee802154,portable-ieee802154,rust,796,1,7,driver/ieee802154/src/contract.rs
driver/ieee802154/src/frame.rs,driver/ieee802154,open-esp-radio-ieee802154,portable-ieee802154,rust,223,1,4,driver/ieee802154/src/frame.rs
driver/ieee802154/src/lib.rs,driver/ieee802154,open-esp-radio-ieee802154,portable-ieee802154,rust,33,0,0,driver/ieee802154/src/lib.rs
driver/ieee802154/src/types.rs,driver/ieee802154,open-esp-radio-ieee802154,portable-ieee802154,rust,193,0,0,driver/ieee802154/src/types.rs
driver/integration/esp32s31/bluetooth/Cargo.toml,driver/integration/esp32s31/bluetooth,open-esp-radio-esp32s31-bluetooth-integration,product-composition,manifest,28,0,0,driver/integration/esp32s31/embassy/bluetooth/Cargo.toml
driver/integration/esp32s31/bluetooth/src/cold_start.rs,driver/integration/esp32s31/bluetooth,open-esp-radio-esp32s31-bluetooth-integration,product-composition,rust,941,0,0,driver/integration/esp32s31/embassy/bluetooth/src/cold_start.rs
driver/integration/esp32s31/bluetooth/src/interrupt_fault.rs,driver/integration/esp32s31/bluetooth,open-esp-radio-esp32s31-bluetooth-integration,product-composition,rust,107,1,3,driver/integration/esp32s31/embassy/bluetooth/src/interrupt_fault.rs
driver/integration/esp32s31/bluetooth/src/interrupt_runtime.rs,driver/integration/esp32s31/bluetooth,open-esp-radio-esp32s31-bluetooth-integration,product-composition,rust,259,0,0,driver/integration/esp32s31/embassy/bluetooth/src/interrupt_runtime.rs
driver/integration/esp32s31/bluetooth/src/lib.rs,driver/integration/esp32s31/bluetooth,open-esp-radio-esp32s31-bluetooth-integration,product-composition,rust,1036,1,9,driver/integration/esp32s31/embassy/bluetooth/src/lib.rs
driver/integration/esp32s31/bluetooth/src/phy_time.rs,driver/integration/esp32s31/bluetooth,open-esp-radio-esp32s31-bluetooth-integration,product-composition,rust,130,1,4,driver/integration/esp32s31/embassy/bluetooth/src/phy_time.rs
driver/integration/esp32s31/bluetooth/src/runner_policy.rs,driver/integration/esp32s31/bluetooth,open-esp-radio-esp32s31-bluetooth-integration,product-composition,rust,159,1,3,driver/integration/esp32s31/embassy/bluetooth/src/runner_policy.rs
driver/integration/esp32s31/bluetooth/src/system.rs,driver/integration/esp32s31/bluetooth,open-esp-radio-esp32s31-bluetooth-integration,product-composition,rust,784,0,0,driver/integration/esp32s31/embassy/bluetooth/src/system.rs
driver/integration/esp32s31/bluetooth/src/system_storage.rs,driver/integration/esp32s31/bluetooth,open-esp-radio-esp32s31-bluetooth-integration,product-composition,rust,220,0,0,driver/integration/esp32s31/embassy/bluetooth/src/system_storage.rs
driver/integration/esp32s31/embassy-wifi/Cargo.lock,driver/integration/esp32s31/embassy-wifi,open-esp-radio-esp32s31-embassy-wifi,product-composition,lockfile,2130,0,0,driver/integration/esp32s31/embassy/wifi/Cargo.lock
driver/integration/esp32s31/embassy-wifi/Cargo.toml,driver/integration/esp32s31/embassy-wifi,open-esp-radio-esp32s31-embassy-wifi,product-composition,manifest,102,0,0,driver/integration/esp32s31/embassy/wifi/Cargo.toml
driver/integration/esp32s31/embassy-wifi/src/composition.rs,driver/integration/esp32s31/embassy-wifi,open-esp-radio-esp32s31-embassy-wifi,product-composition,rust,4,0,0,driver/integration/esp32s31/embassy/wifi/src/composition.rs
driver/integration/esp32s31/embassy-wifi/src/composition/start.rs,driver/integration/esp32s31/embassy-wifi,open-esp-radio-esp32s31-embassy-wifi,product-composition,rust,86,0,0,driver/integration/esp32s31/embassy/wifi/src/composition/start.rs
driver/integration/esp32s31/embassy-wifi/src/composition/supervisor.rs,driver/integration/esp32s31/embassy-wifi,open-esp-radio-esp32s31-embassy-wifi,product-composition,rust,336,0,0,driver/integration/esp32s31/embassy/wifi/src/composition/supervisor.rs
driver/integration/esp32s31/embassy-wifi/src/diagnostics.rs,driver/integration/esp32s31/embassy-wifi,open-esp-radio-esp32s31-embassy-wifi,product-composition,rust,204,1,1,driver/integration/esp32s31/embassy/wifi/src/diagnostics.rs
driver/integration/esp32s31/embassy-wifi/src/esp_now.rs,driver/integration/esp32s31/embassy-wifi,open-esp-radio-esp32s31-embassy-wifi,product-composition,rust,216,0,0,driver/integration/esp32s31/embassy/wifi/src/esp_now.rs
driver/integration/esp32s31/embassy-wifi/src/facade.rs,driver/integration/esp32s31/embassy-wifi,open-esp-radio-esp32s31-embassy-wifi,product-composition,rust,131,0,0,driver/integration/esp32s31/embassy/wifi/src/facade.rs
driver/integration/esp32s31/embassy-wifi/src/lib.rs,driver/integration/esp32s31/embassy-wifi,open-esp-radio-esp32s31-embassy-wifi,product-composition,rust,465,0,0,driver/integration/esp32s31/embassy/wifi/src/lib.rs
driver/integration/esp32s31/embassy-wifi/src/monitor.rs,driver/integration/esp32s31/embassy-wifi,open-esp-radio-esp32s31-embassy-wifi,product-composition,rust,319,0,0,driver/integration/esp32s31/embassy/wifi/src/monitor.rs
driver/integration/esp32s31/embassy-wifi/src/radio_resources.rs,driver/integration/esp32s31/embassy-wifi,open-esp-radio-esp32s31-embassy-wifi,product-composition,rust,552,0,0,driver/integration/esp32s31/embassy/wifi/src/radio_resources.rs
driver/integration/esp32s31/embassy-wifi/src/status/access_point.rs,driver/integration/esp32s31/embassy-wifi,open-esp-radio-esp32s31-embassy-wifi,product-composition,rust,116,0,0,driver/integration/esp32s31/embassy/wifi/src/status/access_point.rs
driver/integration/esp32s31/embassy-wifi/src/status/mod.rs,driver/integration/esp32s31/embassy-wifi,open-esp-radio-esp32s31-embassy-wifi,product-composition,rust,12,0,0,driver/integration/esp32s31/embassy/wifi/src/status/mod.rs
driver/integration/esp32s31/embassy-wifi/src/status/station.rs,driver/integration/esp32s31/embassy-wifi,open-esp-radio-esp32s31-embassy-wifi,product-composition,rust,148,1,1,driver/integration/esp32s31/embassy/wifi/src/status/station.rs
driver/integration/esp32s31/embassy-wifi/src/supervisor/access_point.rs,driver/integration/esp32s31/embassy-wifi,open-esp-radio-esp32s31-embassy-wifi,product-composition,rust,1786,0,0,driver/integration/esp32s31/embassy/wifi/src/supervisor/access_point.rs
driver/integration/esp32s31/embassy-wifi/src/supervisor/concurrent.rs,driver/integration/esp32s31/embassy-wifi,open-esp-radio-esp32s31-embassy-wifi,product-composition,rust,1198,0,0,driver/integration/esp32s31/embassy/wifi/src/supervisor/concurrent.rs
driver/integration/esp32s31/embassy-wifi/src/supervisor/mod.rs,driver/integration/esp32s31/embassy-wifi,open-esp-radio-esp32s31-embassy-wifi,product-composition,rust,985,0,0,driver/integration/esp32s31/embassy/wifi/src/supervisor/mod.rs
driver/integration/esp32s31/embassy-wifi/src/supervisor/role_dispatch.rs,driver/integration/esp32s31/embassy-wifi,open-esp-radio-esp32s31-embassy-wifi,product-composition,rust,495,0,0,driver/integration/esp32s31/embassy/wifi/src/supervisor/role_dispatch.rs
driver/integration/esp32s31/embassy-wifi/src/supervisor/station.rs,driver/integration/esp32s31/embassy-wifi,open-esp-radio-esp32s31-embassy-wifi,product-composition,rust,2352,0,0,driver/integration/esp32s31/embassy/wifi/src/supervisor/station.rs
driver/integration/esp32s31/embassy-wifi/src/supervisor/station_epoch.rs,driver/integration/esp32s31/embassy-wifi,open-esp-radio-esp32s31-embassy-wifi,product-composition,rust,1124,0,0,driver/integration/esp32s31/embassy/wifi/src/supervisor/station_epoch.rs
driver/integration/esp32s31/embassy-wifi/src/wifi_network.rs,driver/integration/esp32s31/embassy-wifi,open-esp-radio-esp32s31-embassy-wifi,product-composition,rust,57,0,0,driver/integration/esp32s31/embassy/wifi/src/wifi_network.rs
driver/radio/Cargo.toml,driver/radio,open-esp-radio,public-lifecycle,manifest,38,0,0,driver/radio/Cargo.toml
driver/radio/src/config.rs,driver/radio,open-esp-radio,public-lifecycle,rust,11,0,0,driver/radio/src/config.rs
driver/radio/src/embassy_supervisor.rs,driver/radio,open-esp-radio,public-lifecycle,rust,1454,1,12,driver/radio/src/embassy_supervisor.rs
driver/radio/src/lib.rs,driver/radio,open-esp-radio,public-lifecycle,rust,60,0,0,driver/radio/src/lib.rs
driver/radio/src/requests.rs,driver/radio,open-esp-radio,public-lifecycle,rust,1481,1,10,driver/radio/src/requests.rs
driver/radio/src/supervisor.rs,driver/radio,open-esp-radio,public-lifecycle,rust,548,0,0,driver/radio/src/supervisor.rs
driver/wifi/ap/Cargo.toml,driver/wifi/ap,open-esp-radio-wifi-ap,portable-wifi,manifest,15,0,0,driver/wifi/ap/Cargo.toml
driver/wifi/ap/src/lib.rs,driver/wifi/ap,open-esp-radio-wifi-ap,portable-wifi,rust,27,0,0,driver/wifi/ap/src/lib.rs
driver/wifi/ap/src/service.rs,driver/wifi/ap,open-esp-radio-wifi-ap,portable-wifi,rust,3369,1,22,driver/wifi/ap/src/service.rs
driver/wifi/datapath/Cargo.toml,driver/wifi/datapath,open-esp-radio-wifi-datapath,portable-wifi,manifest,19,0,0,driver/wifi/datapath/Cargo.toml
driver/wifi/datapath/src/egress.rs,driver/wifi/datapath,open-esp-radio-wifi-datapath,portable-wifi,rust,645,1,4,driver/wifi/datapath/src/egress.rs
driver/wifi/datapath/src/lib.rs,driver/wifi/datapath,open-esp-radio-wifi-datapath,portable-wifi,rust,199,0,0,driver/wifi/datapath/src/lib.rs
driver/wifi/ieee80211/Cargo.toml,driver/wifi/ieee80211,open-esp-radio-ieee80211,portable-wifi,manifest,13,0,0,driver/wifi/ieee80211/Cargo.toml
driver/wifi/ieee80211/src/alignment.rs,driver/wifi/ieee80211,open-esp-radio-ieee80211,portable-wifi,rust,86,1,3,driver/wifi/ieee80211/src/alignment.rs
driver/wifi/ieee80211/src/ap.rs,driver/wifi/ieee80211,open-esp-radio-ieee80211,portable-wifi,rust,1562,1,17,driver/wifi/ieee80211/src/ap.rs
driver/wifi/ieee80211/src/beacon.rs,driver/wifi/ieee80211,open-esp-radio-ieee80211,portable-wifi,rust,563,1,4,driver/wifi/ieee80211/src/beacon.rs
driver/wifi/ieee80211/src/block_ack.rs,driver/wifi/ieee80211,open-esp-radio-ieee80211,portable-wifi,rust,546,1,7,driver/wifi/ieee80211/src/block_ack.rs
driver/wifi/ieee80211/src/ccmp.rs,driver/wifi/ieee80211,open-esp-radio-ieee80211,portable-wifi,rust,408,1,4,driver/wifi/ieee80211/src/ccmp.rs
driver/wifi/ieee80211/src/channel.rs,driver/wifi/ieee80211,open-esp-radio-ieee80211,portable-wifi,rust,142,1,2,driver/wifi/ieee80211/src/channel.rs
driver/wifi/ieee80211/src/classification.rs,driver/wifi/ieee80211,open-esp-radio-ieee80211,portable-wifi,rust,122,1,3,driver/wifi/ieee80211/src/classification.rs
driver/wifi/ieee80211/src/data.rs,driver/wifi/ieee80211,open-esp-radio-ieee80211,portable-wifi,rust,1026,1,9,driver/wifi/ieee80211/src/data.rs
driver/wifi/ieee80211/src/esp_now.rs,driver/wifi/ieee80211,open-esp-radio-ieee80211,portable-wifi,rust,899,0,0,driver/wifi/ieee80211/src/esp_now.rs
driver/wifi/ieee80211/src/esp_now/v2.rs,driver/wifi/ieee80211,open-esp-radio-ieee80211,portable-wifi,rust,757,0,0,driver/wifi/ieee80211/src/esp_now/v2.rs
driver/wifi/ieee80211/src/fragmentation.rs,driver/wifi/ieee80211,open-esp-radio-ieee80211,portable-wifi,rust,1373,1,6,driver/wifi/ieee80211/src/fragmentation.rs
driver/wifi/ieee80211/src/ftm.rs,driver/wifi/ieee80211,open-esp-radio-ieee80211,portable-wifi,rust,829,1,6,driver/wifi/ieee80211/src/ftm.rs
driver/wifi/ieee80211/src/he.rs,driver/wifi/ieee80211,open-esp-radio-ieee80211,portable-wifi,rust,1496,1,19,driver/wifi/ieee80211/src/he.rs
driver/wifi/ieee80211/src/ht.rs,driver/wifi/ieee80211,open-esp-radio-ieee80211,portable-wifi,rust,294,1,4,driver/wifi/ieee80211/src/ht.rs
driver/wifi/ieee80211/src/lib.rs,driver/wifi/ieee80211,open-esp-radio-ieee80211,portable-wifi,rust,35,0,0,driver/wifi/ieee80211/src/lib.rs
driver/wifi/ieee80211/src/management.rs,driver/wifi/ieee80211,open-esp-radio-ieee80211,portable-wifi,rust,219,1,3,driver/wifi/ieee80211/src/management.rs
driver/wifi/ieee80211/src/ndpa.rs,driver/wifi/ieee80211,open-esp-radio-ieee80211,portable-wifi,rust,644,1,6,driver/wifi/ieee80211/src/ndpa.rs
driver/wifi/ieee80211/src/scan.rs,driver/wifi/ieee80211,open-esp-radio-ieee80211,portable-wifi,rust,738,1,10,driver/wifi/ieee80211/src/scan.rs
driver/wifi/ieee80211/src/security.rs,driver/wifi/ieee80211,open-esp-radio-ieee80211,portable-wifi,rust,14,0,0,driver/wifi/ieee80211/src/security.rs
driver/wifi/ieee80211/src/ssid.rs,driver/wifi/ieee80211,open-esp-radio-ieee80211,portable-wifi,rust,96,1,1,driver/wifi/ieee80211/src/ssid.rs
driver/wifi/ieee80211/src/station.rs,driver/wifi/ieee80211,open-esp-radio-ieee80211,portable-wifi,rust,3489,1,40,driver/wifi/ieee80211/src/station.rs
driver/wifi/ieee80211/src/station_beacon.rs,driver/wifi/ieee80211,open-esp-radio-ieee80211,portable-wifi,rust,166,1,2,driver/wifi/ieee80211/src/station_beacon.rs
driver/wifi/ieee80211/src/station_power_save.rs,driver/wifi/ieee80211,open-esp-radio-ieee80211,portable-wifi,rust,220,1,4,driver/wifi/ieee80211/src/station_power_save.rs
driver/wifi/ieee80211/src/tbtt.rs,driver/wifi/ieee80211,open-esp-radio-ieee80211,portable-wifi,rust,69,1,3,driver/wifi/ieee80211/src/tbtt.rs
driver/wifi/ieee80211/src/trigger.rs,driver/wifi/ieee80211,open-esp-radio-ieee80211,portable-wifi,rust,1379,1,16,driver/wifi/ieee80211/src/trigger.rs
driver/wifi/ieee80211/src/twt.rs,driver/wifi/ieee80211,open-esp-radio-ieee80211,portable-wifi,rust,482,0,0,driver/wifi/ieee80211/src/twt.rs
driver/wifi/ieee80211/src/vif.rs,driver/wifi/ieee80211,open-esp-radio-ieee80211,portable-wifi,rust,227,1,4,driver/wifi/ieee80211/src/vif.rs
driver/wifi/ieee80211/src/wmm.rs,driver/wifi/ieee80211,open-esp-radio-ieee80211,portable-wifi,rust,469,1,7,driver/wifi/ieee80211/src/wmm.rs
driver/wifi/softmac/Cargo.toml,driver/wifi/softmac,open-esp-radio-wifi-softmac,portable-wifi,manifest,15,0,0,driver/wifi/softmac/Cargo.toml
driver/wifi/softmac/src/configuration.rs,driver/wifi/softmac,open-esp-radio-wifi-softmac,portable-wifi,rust,583,1,6,driver/wifi/softmac/src/configuration.rs
driver/wifi/softmac/src/esp_now.rs,driver/wifi/softmac,open-esp-radio-wifi-softmac,portable-wifi,rust,1427,0,0,driver/wifi/softmac/src/esp_now.rs
driver/wifi/softmac/src/esp_now_security.rs,driver/wifi/softmac,open-esp-radio-wifi-softmac,portable-wifi,rust,1402,0,0,driver/wifi/softmac/src/esp_now_security.rs
driver/wifi/softmac/src/interface.rs,driver/wifi/softmac,open-esp-radio-wifi-softmac,portable-wifi,rust,149,1,2,driver/wifi/softmac/src/interface.rs
driver/wifi/softmac/src/lib.rs,driver/wifi/softmac,open-esp-radio-wifi-softmac,portable-wifi,rust,572,1,6,driver/wifi/softmac/src/lib.rs
driver/wifi/softmac/src/monitor.rs,driver/wifi/softmac,open-esp-radio-wifi-softmac,portable-wifi,rust,758,1,3,driver/wifi/softmac/src/monitor.rs
driver/wifi/sta/Cargo.toml,driver/wifi/sta,open-esp-radio-wifi-sta,portable-wifi,manifest,14,0,0,driver/wifi/sta/Cargo.toml
driver/wifi/sta/README.md,driver/wifi/sta,open-esp-radio-wifi-sta,portable-wifi,documentation,20,0,0,driver/wifi/sta/README.md
driver/wifi/sta/src/ftm.rs,driver/wifi/sta,open-esp-radio-wifi-sta,portable-wifi,rust,1713,1,12,driver/wifi/sta/src/ftm.rs
driver/wifi/sta/src/join.rs,driver/wifi/sta,open-esp-radio-wifi-sta,portable-wifi,rust,678,1,4,driver/wifi/sta/src/join.rs
driver/wifi/sta/src/lib.rs,driver/wifi/sta,open-esp-radio-wifi-sta,portable-wifi,rust,42,0,0,driver/wifi/sta/src/lib.rs
driver/wifi/sta/src/link_monitor.rs,driver/wifi/sta,open-esp-radio-wifi-sta,portable-wifi,rust,215,1,3,driver/wifi/sta/src/link_monitor.rs
driver/wifi/sta/src/power_save.rs,driver/wifi/sta,open-esp-radio-wifi-sta,portable-wifi,rust,967,1,7,driver/wifi/sta/src/power_save.rs
driver/wifi/sta/src/request.rs,driver/wifi/sta,open-esp-radio-wifi-sta,portable-wifi,rust,365,1,4,driver/wifi/sta/src/request.rs
driver/wifi/sta/src/scan.rs,driver/wifi/sta,open-esp-radio-wifi-sta,portable-wifi,rust,479,1,6,driver/wifi/sta/src/scan.rs
driver/wifi/sta/src/station.rs,driver/wifi/sta,open-esp-radio-wifi-sta,portable-wifi,rust,719,1,8,driver/wifi/sta/src/station.rs
driver/wifi/sta/src/twt.rs,driver/wifi/sta,open-esp-radio-wifi-sta,portable-wifi,rust,1262,1,5,driver/wifi/sta/src/twt.rs
driver/wifi/wpa2/Cargo.toml,driver/wifi/wpa2,open-esp-radio-wpa2,portable-wifi,manifest,21,0,0,driver/wifi/wpa2/Cargo.toml
driver/wifi/wpa2/src/aes.rs,driver/wifi/wpa2,open-esp-radio-wpa2,portable-wifi,rust,299,1,5,driver/wifi/wpa2/src/aes.rs
driver/wifi/wpa2/src/ap.rs,driver/wifi/wpa2,open-esp-radio-wpa2,portable-wifi,rust,186,1,3,driver/wifi/wpa2/src/ap.rs
driver/wifi/wpa2/src/frames.rs,driver/wifi/wpa2,open-esp-radio-wpa2,portable-wifi,rust,875,1,7,driver/wifi/wpa2/src/frames.rs
driver/wifi/wpa2/src/keys.rs,driver/wifi/wpa2,open-esp-radio-wpa2,portable-wifi,rust,239,1,3,driver/wifi/wpa2/src/keys.rs
driver/wifi/wpa2/src/lib.rs,driver/wifi/wpa2,open-esp-radio-wpa2,portable-wifi,rust,662,1,5,driver/wifi/wpa2/src/lib.rs
driver/wifi/wpa2/src/retry.rs,driver/wifi/wpa2,open-esp-radio-wpa2,portable-wifi,rust,242,1,3,driver/wifi/wpa2/src/retry.rs
driver/wifi/wpa2/src/runner.rs,driver/wifi/wpa2,open-esp-radio-wpa2,portable-wifi,rust,1059,1,8,driver/wifi/wpa2/src/runner.rs
driver/wifi/wpa2/src/state.rs,driver/wifi/wpa2,open-esp-radio-wpa2,portable-wifi,rust,1371,1,7,driver/wifi/wpa2/src/state.rs
driver/wifi/wpa2/src/supplicant.rs,driver/wifi/wpa2,open-esp-radio-wpa2,portable-wifi,rust,1288,1,11,driver/wifi/wpa2/src/supplicant.rs
